{
 "type": "FeatureCollection",
 "backupOf": "https://services7.arcgis.com/TGjun5cqf5Jwp2Ad/arcgis/rest/services/CMP_ROAD_CENTERLINES/FeatureServer/0",
 "features": [
  {
   "type": "Feature",
   "id": 1,
   "geometry": {
    "type": "LineString",
    "coordinates": [
     [
      73.5434418349363,
      4.21235573723033
     ],
     [
      73.5421312456109,
      4.21272974566499
     ],
     [
      73.5419098827343,
      4.21279291693247
     ],
     [
      73.5401950326027,
      4.21328228524612
     ],
     [
      73.5392369454965,
      4.21355553748718
     ],
     [
      73.5371495006622,
      4.21414455956514
     ]
    ]
   },
   "properties": {
    "FID": 1,
    "OBJECTID_1": 9,
    "Road_Names": "Orchid Maa Higun",
    "UPDEC": 1,
    "Phase": "P1",
    "Shape__Length": 725.9908697009807
   }
  },
  {
   "type": "Feature",
   "id": 2,
   "geometry": {
    "type": "LineString",
    "coordinates": [
     [
      73.5398945121665,
      4.20146763482007
     ],
     [
      73.5399088698429,
      4.20151170372658
     ],
     [
      73.5408490996042,
      4.2043976845884
     ],
     [
      73.541813361639,
      4.20735732898054
     ],
     [
      73.5427152249914,
      4.21012548382675
     ],
     [
      73.5427299276695,
      4.21017061337524
     ],
     [
      73.5427811707508,
      4.21032789804639
     ],
     [
      73.5428520176957,
      4.21054537052853
     ],
     [
      73.542864874379,
      4.21058483060802
     ],
     [
      73.542999860602,
      4.21099915375053
     ],
     [
      73.543309271302,
      4.2119488508459
     ],
     [
      73.5434418349363,
      4.21235573723033
     ],
     [
      73.5438642813955,
      4.21365235573486
     ],
     [
      73.5441709371673,
      4.21459359011529
     ],
     [
      73.5442846415959,
      4.21494258824978
     ],
     [
      73.5445547034584,
      4.21577151644898
     ],
     [
      73.544652795235,
      4.21607259872472
     ],
     [
      73.5447058176064,
      4.21623532405312
     ],
     [
      73.5447273890774,
      4.21630901454475
     ],
     [
      73.5448105790769,
      4.21659496736363
     ],
     [
      73.5451867751573,
      4.21788808575154
     ],
     [
      73.5461334650733,
      4.22114214882442
     ],
     [
      73.54625727641,
      4.2216239264513
     ]
    ]
   },
   "properties": {
    "FID": 2,
    "OBJECTID_1": 1,
    "Road_Names": "Nirolhu Magu",
    "UPDEC": 1,
    "Phase": "P1",
    "Shape__Length": 2338.2710887270496
   }
  },
  {
   "type": "Feature",
   "id": 3,
   "geometry": {
    "type": "LineString",
    "coordinates": [
     [
      73.5465229372345,
      4.22099600137978
     ],
     [
      73.546527408597,
      4.22098355989937
     ],
     [
      73.5465297316933,
      4.2209705401018
     ],
     [
      73.5465298391734,
      4.22095731266171
     ],
     [
      73.5465277285312,
      4.22094425651481
     ],
     [
      73.5465239820439,
      4.2209292456222
     ],
     [
      73.54644891665,
      4.2206268949642
     ],
     [
      73.5464380233392,
      4.22057011307287
     ],
     [
      73.5464333650821,
      4.22050869067822
     ],
     [
      73.5464322105952,
      4.22046539796937
     ],
     [
      73.546431758444,
      4.22044841715694
     ],
     [
      73.5464234523196,
      4.22038870174658
     ],
     [
      73.5462254003241,
      4.21959504188872
     ],
     [
      73.5460090399106,
      4.21872801695423
     ],
     [
      73.5457593128083,
      4.21772728211854
     ],
     [
      73.5453198366142,
      4.2159662185248
     ],
     [
      73.5453158573132,
      4.21595434092239
     ],
     [
      73.5453100280816,
      4.21594325571748
     ],
     [
      73.5453025105379,
      4.21593324628768
     ],
     [
      73.5452934996808,
      4.2159245689413
     ],
     [
      73.5452862997976,
      4.21591957857752
     ],
     [
      73.5452830448657,
      4.21591780981681
     ]
    ]
   },
   "properties": {
    "FID": 3,
    "OBJECTID_1": 30,
    "Road_Names": "Dhiggaa Magu",
    "UPDEC": 1,
    "Phase": "P1",
    "Shape__Length": 579.5957127608732
   }
  },
  {
   "type": "Feature",
   "id": 4,
   "geometry": {
    "type": "LineString",
    "coordinates": [
     [
      73.5465229372345,
      4.22099600137978
     ],
     [
      73.5465186089686,
      4.22100367155474
     ],
     [
      73.5465164434776,
      4.22100751025724
     ],
     [
      73.5465123599861,
      4.22101289187421
     ],
     [
      73.5465053579934,
      4.2210201373977
     ],
     [
      73.5464981838752,
      4.2210264519787
     ],
     [
      73.5464842343505,
      4.22103442607655
     ],
     [
      73.546474699348,
      4.22103823920335
     ],
     [
      73.5461334650733,
      4.22114214882442
     ],
     [
      73.5450150056852,
      4.22148273241543
     ],
     [
      73.5445694743817,
      4.22161840118694
     ],
     [
      73.5434975236418,
      4.22194481534355
     ],
     [
      73.5409773738851,
      4.22271221886198
     ],
     [
      73.5398033076759,
      4.22306972463039
     ],
     [
      73.5397848757768,
      4.22307376688162
     ],
     [
      73.5397660386748,
      4.22307483111832
     ],
     [
      73.5397472711481,
      4.22307289110364
     ],
     [
      73.5397290460325,
      4.22306799566147
     ],
     [
      73.5397118216143,
      4.22306026684384
     ],
     [
      73.5396960308181,
      4.22304990081492
     ],
     [
      73.5396820722175,
      4.22303715788587
     ],
     [
      73.5396793356727,
      4.22303371785687
     ]
    ]
   },
   "properties": {
    "FID": 4,
    "OBJECTID_1": 95,
    "Road_Names": "Kuredhimaa Higun",
    "UPDEC": 1,
    "Phase": "P1",
    "Shape__Length": 796.367644094165
   }
  },
  {
   "type": "Feature",
   "id": 5,
   "geometry": {
    "type": "LineString",
    "coordinates": [
     [
      73.5412136950644,
      4.2190205985674
     ],
     [
      73.5406837089245,
      4.21917132376708
     ],
     [
      73.540683320466,
      4.21917143608487
     ],
     [
      73.5400111904807,
      4.21936536998112
     ],
     [
      73.5387331601872,
      4.21973159817054
     ]
    ]
   },
   "properties": {
    "FID": 5,
    "OBJECTID_1": 34,
    "Road_Names": "Dhethan'di Maa Higun",
    "UPDEC": 1,
    "Phase": "P1",
    "Shape__Length": 286.3706554478501
   }
  },
  {
   "type": "Feature",
   "id": 6,
   "geometry": {
    "type": "LineString",
    "coordinates": [
     [
      73.539837193356,
      4.22359931310056
     ],
     [
      73.5397792842469,
      4.22339182743192
     ],
     [
      73.5396793356727,
      4.22303371785687
     ],
     [
      73.5396702965316,
      4.22302235796729
     ],
     [
      73.5396618925204,
      4.22300422358863
     ],
     [
      73.5396549694832,
      4.22298366100229
     ],
     [
      73.539556673485,
      4.22263688113375
     ],
     [
      73.5393876734005,
      4.22204068302964
     ],
     [
      73.5387331601872,
      4.21973159817054
     ],
     [
      73.5387055675549,
      4.21963424022603
     ],
     [
      73.5384259621685,
      4.21864782786642
     ],
     [
      73.5382341374377,
      4.21797108195148
     ],
     [
      73.5381303347489,
      4.21760487468936
     ],
     [
      73.538021601183,
      4.2172212703703
     ],
     [
      73.5378347076675,
      4.2165619261695
     ],
     [
      73.5375551086483,
      4.21557551600568
     ],
     [
      73.5373741325706,
      4.21493704643265
     ],
     [
      73.5371495006622,
      4.21414455956514
     ],
     [
      73.5369642615711,
      4.21349104842175
     ],
     [
      73.5366779857661,
      4.21248108482148
     ],
     [
      73.536669026796,
      4.21243171636583
     ],
     [
      73.5366707362401,
      4.21240487281281
     ],
     [
      73.5366736470633,
      4.21239023262866
     ],
     [
      73.536677933241,
      4.21237519981766
     ],
     [
      73.5366840366063,
      4.21236002030142
     ],
     [
      73.5366906793457,
      4.21234543236687
     ]
    ]
   },
   "properties": {
    "FID": 6,
    "OBJECTID_1": 31,
    "Road_Names": "Fithuroanu Magu",
    "UPDEC": 1,
    "Phase": "P1",
    "Shape__Length": 1294.0536145601498
   }
  },
  {
   "type": "Feature",
   "id": 7,
   "geometry": {
    "type": "MultiLineString",
    "coordinates": [
     [
      [
       73.5399092245425,
       4.21138515836444
      ],
      [
       73.5404116559771,
       4.21124152300007
      ],
      [
       73.5414498695171,
       4.21095683966841
      ],
      [
       73.5428520176957,
       4.21054537052853
      ]
     ],
     [
      [
       73.5366906793457,
       4.21234543236687
      ],
      [
       73.5366985469532,
       4.21233385383152
      ],
      [
       73.536707983721,
       4.2123251849568
      ],
      [
       73.5367209564187,
       4.21231587881824
      ],
      [
       73.5367350087642,
       4.212307756749
      ],
      [
       73.5367505816863,
       4.21230106647775
      ],
      [
       73.5367689530004,
       4.21229506881281
      ],
      [
       73.5367894857923,
       4.21228882560765
      ],
      [
       73.5368166465931,
       4.21227973159252
      ],
      [
       73.5372749686325,
       4.21215465050353
      ],
      [
       73.5381095128031,
       4.2119165005173
      ],
      [
       73.5393763007082,
       4.21155499858363
      ],
      [
       73.5399146585805,
       4.21140136529436
      ]
     ]
    ]
   },
   "properties": {
    "FID": 7,
    "OBJECTID_1": 10,
    "Road_Names": "Asuru Maa Higun",
    "UPDEC": 1,
    "Phase": "P1",
    "Shape__Length": 713.1353410496104
   }
  },
  {
   "type": "Feature",
   "id": 8,
   "geometry": {
    "type": "LineString",
    "coordinates": [
     [
      73.5403197525991,
      4.22177722682967
     ],
     [
      73.5401147795554,
      4.2193356857708
     ]
    ]
   },
   "properties": {
    "FID": 8,
    "OBJECTID_1": 37,
    "Road_Names": "Moonimaa Magu",
    "UPDEC": 1,
    "Phase": "P1",
    "Shape__Length": 270.92328703356685
   }
  },
  {
   "type": "Feature",
   "id": 9,
   "geometry": {
    "type": "MultiLineString",
    "coordinates": [
     [
      [
       73.5403719837347,
       4.21541693296255
      ],
      [
       73.5403144919341,
       4.21472337844181
      ],
      [
       73.5401950326027,
       4.21328228524612
      ],
      [
       73.540090645614,
       4.21202301277988
      ],
      [
       73.5400451232729,
       4.21186232114803
      ],
      [
       73.5399146585805,
       4.21140136529436
      ],
      [
       73.5399100077465,
       4.21138493916518
      ],
      [
       73.5394233491176,
       4.20966584685485
      ],
      [
       73.5394057945766,
       4.20960388487899
      ],
      [
       73.5388828165732,
       4.20775639273445
      ],
      [
       73.5383971089977,
       4.20604087532118
      ],
      [
       73.5381499893197,
       4.20516793941528
      ],
      [
       73.5378475399916,
       4.204099583244
      ],
      [
       73.5378319454779,
       4.20404449654215
      ]
     ],
     [
      [
       73.5421984050843,
       4.22765647459838
      ],
      [
       73.5416113354751,
       4.22555306656339
      ],
      [
       73.5410959310615,
       4.22370642193932
      ],
      [
       73.5410694113768,
       4.22361031220789
      ],
      [
       73.5410665546889,
       4.22359885001506
      ],
      [
       73.5410657942393,
       4.22359700814923
      ],
      [
       73.541026289952,
       4.2232218678313
      ]
     ]
    ]
   },
   "properties": {
    "FID": 9,
    "OBJECTID_1": 223,
    "Road_Names": "Reethigas Magu",
    "UPDEC": 1,
    "Phase": "P2",
    "Shape__Length": 1801.5660884085767
   }
  },
  {
   "type": "Feature",
   "id": 10,
   "geometry": {
    "type": "LineString",
    "coordinates": [
     [
      73.5394233491176,
      4.20966584685485
     ],
     [
      73.5388845795518,
      4.20981972721918
     ],
     [
      73.5376181985497,
      4.21018111697842
     ],
     [
      73.5367840604661,
      4.21041901909481
     ]
    ]
   },
   "properties": {
    "FID": 10,
    "OBJECTID_1": 64,
    "Road_Names": "Kudhimaa Higun",
    "UPDEC": 1,
    "Phase": "P1",
    "Shape__Length": 304.6007597776904
   }
  },
  {
   "type": "Feature",
   "id": 11,
   "geometry": {
    "type": "LineString",
    "coordinates": [
     [
      73.5416830273396,
      4.20695728965511
     ],
     [
      73.5410682618286,
      4.20713320006702
     ],
     [
      73.5404105972845,
      4.20732040751532
     ],
     [
      73.5396937927737,
      4.20752496339421
     ],
     [
      73.5394052988794,
      4.20760746175392
     ],
     [
      73.5388828165732,
      4.20775639273445
     ],
     [
      73.5383445142093,
      4.20791026046242
     ],
     [
      73.5372931822993,
      4.20821006993384
     ],
     [
      73.5370775729354,
      4.20827155523298
     ],
     [
      73.5362434720249,
      4.20850958049634
     ]
    ]
   },
   "properties": {
    "FID": 11,
    "OBJECTID_1": 43,
    "Road_Names": "Saimaa Higun",
    "UPDEC": 1,
    "Phase": "P1",
    "Shape__Length": 627.7817805290836
   }
  },
  {
   "type": "Feature",
   "id": 12,
   "geometry": {
    "type": "LineString",
    "coordinates": [
     [
      73.5422773265036,
      4.20878137811589
     ],
     [
      73.5409301612907,
      4.20916665980347
     ],
     [
      73.5399109356293,
      4.2094581048249
     ],
     [
      73.5394057936859,
      4.20960387945098
     ]
    ]
   },
   "properties": {
    "FID": 12,
    "OBJECTID_1": 6,
    "Road_Names": "Bokaru Maa Higun",
    "UPDEC": 1,
    "Phase": "P1",
    "Shape__Length": 331.4966391894028
   }
  },
  {
   "type": "Feature",
   "id": 13,
   "geometry": {
    "type": "LineString",
    "coordinates": [
     [
      73.5393763007082,
      4.21155499858363
     ],
     [
      73.5388849252477,
      4.20981935706936
     ],
     [
      73.5383443830883,
      4.20791004858884
     ],
     [
      73.5378586628654,
      4.20619429063056
     ],
     [
      73.5374182191463,
      4.20463844266092
     ],
     [
      73.5374070311385,
      4.20459892334815
     ],
     [
      73.537402596025,
      4.20458325823014
     ]
    ]
   },
   "properties": {
    "FID": 13,
    "OBJECTID_1": 65,
    "Road_Names": "Haivakaru Magu",
    "UPDEC": 1,
    "Phase": "P1",
    "Shape__Length": 801.4133051507491
   }
  },
  {
   "type": "Feature",
   "id": 14,
   "geometry": {
    "type": "MultiLineString",
    "coordinates": [
     [
      [
       73.5436361259783,
       4.22243161742445
      ],
      [
       73.5437747283918,
       4.22291841953462
      ],
      [
       73.5439045021574,
       4.22337421159496
      ],
      [
       73.5443301179132,
       4.22486905865533
      ],
      [
       73.5443318146958,
       4.22488325988394
      ],
      [
       73.5443311358622,
       4.22489754708659
      ],
      [
       73.5443281001723,
       4.22491152146193
      ],
      [
       73.5443227930259,
       4.22492479518651
      ],
      [
       73.5443153619456,
       4.22493699864151
      ],
      [
       73.5443060129529,
       4.22494779125854
      ],
      [
       73.5442950069413,
       4.2249568741744
      ],
      [
       73.5442826506633,
       4.22496399292725
      ],
      [
       73.5442717482989,
       4.2249730470969
      ],
      [
       73.5442697287055,
       4.22497447495216
      ],
      [
       73.5442628364345,
       4.22497936741535
      ],
      [
       73.5442382278502,
       4.22499726609063
      ],
      [
       73.5441740000078,
       4.22504773971799
      ],
      [
       73.5441125168979,
       4.2251016217212
      ],
      [
       73.5440925160563,
       4.22512045062619
      ],
      [
       73.544091243752,
       4.2251216040463
      ],
      [
       73.5440451142496,
       4.22516578365512
      ],
      [
       73.5440019459153,
       4.22521179569692
      ],
      [
       73.5439607070514,
       4.22526074611161
      ],
      [
       73.5439604000608,
       4.22526112809187
      ],
      [
       73.5439283066213,
       4.22530121095957
      ],
      [
       73.5439009593846,
       4.22533753957755
      ],
      [
       73.5438773464481,
       4.22537074963969
      ],
      [
       73.5438488540365,
       4.22541637595467
      ],
      [
       73.5438495080317,
       4.22541540948594
      ],
      [
       73.543825802999,
       4.2254593535898
      ],
      [
       73.5438043058154,
       4.22550187742784
      ],
      [
       73.5437810439155,
       4.22555164935359
      ],
      [
       73.5437813042158,
       4.22555118589046
      ],
      [
       73.5437614936964,
       4.22559883898606
      ],
      [
       73.5437611481036,
       4.22559963239151
      ],
      [
       73.5437404815983,
       4.2256488439505
      ],
      [
       73.543712244618,
       4.22572750271333
      ],
      [
       73.5437113984591,
       4.22573007230572
      ],
      [
       73.543706011036,
       4.22574677079823
      ],
      [
       73.5436915479203,
       4.22579337309497
      ],
      [
       73.5436916094592,
       4.22579322127302
      ],
      [
       73.5436785261177,
       4.22584045471573
      ],
      [
       73.5436665170157,
       4.22588840374261
      ],
      [
       73.5436665060642,
       4.22588847969086
      ],
      [
       73.5436597282259,
       4.2259184529319
      ],
      [
       73.5436457256256,
       4.22598908123938
      ],
      [
       73.5436400982376,
       4.22602237575856
      ],
      [
       73.5436326412274,
       4.226074044966
      ],
      [
       73.5436265247319,
       4.22612710945663
      ],
      [
       73.5436235864134,
       4.22615985192831
      ],
      [
       73.5436231002896,
       4.22616595655763
      ],
      [
       73.543615833774,
       4.22629993655677
      ],
      [
       73.5436142245758,
       4.22636334761839
      ],
      [
       73.5436141353132,
       4.22637883695524
      ],
      [
       73.5436153817204,
       4.22646927116537
      ],
      [
       73.5436173900735,
       4.2265211698037
      ],
      [
       73.5436195565333,
       4.22657523294717
      ],
      [
       73.5436212501574,
       4.22660173388529
      ],
      [
       73.543625551895,
       4.22665658153521
      ],
      [
       73.5436294713577,
       4.22669760756274
      ],
      [
       73.5436331875694,
       4.22673169743336
      ],
      [
       73.543640549708,
       4.22679023533003
      ],
      [
       73.5436550335122,
       4.22688460231774
      ],
      [
       73.5436591202062,
       4.2269079423898
      ],
      [
       73.5436690203316,
       4.22696000329158
      ],
      [
       73.5436798839769,
       4.22701177298365
      ]
     ],
     [
      [
       73.5436798839769,
       4.22701177298365
      ],
      [
       73.5436799357905,
       4.22701200550962
      ]
     ],
     [
      [
       73.5436799357905,
       4.22701200550962
      ],
      [
       73.5436853800597,
       4.22703628960706
      ],
      [
       73.5436718695777,
       4.22697740280435
      ],
      [
       73.5436798839769,
       4.22701177298365
      ]
     ],
     [
      [
       73.5436799357905,
       4.22701200550962
      ],
      [
       73.5436962068001,
       4.22708177009492
      ],
      [
       73.5437143839338,
       4.22715154098004
      ],
      [
       73.5437182378163,
       4.22716544329432
      ],
      [
       73.5437334498051,
       4.22721765075406
      ],
      [
       73.5437443100317,
       4.22725339644073
      ],
      [
       73.5437458611198,
       4.22725780645642
      ],
      [
       73.5437671184825,
       4.22731823535214
      ],
      [
       73.543774148126,
       4.22733821391417
      ],
      [
       73.5438239130102,
       4.22746371040329
      ],
      [
       73.5438787659426,
       4.22758716711647
      ],
      [
       73.543938860757,
       4.22770821354236
      ],
      [
       73.5440040601575,
       4.22782656725207
      ],
      [
       73.5440739816137,
       4.22794157636366
      ],
      [
       73.5440927885919,
       4.22797072952159
      ],
      [
       73.5441650412294,
       4.22807665660079
      ],
      [
       73.5442418200744,
       4.22817992152682
      ],
      [
       73.5443225653502,
       4.22827975632194
      ],
      [
       73.5443848874157,
       4.22835187666202
      ],
      [
       73.5444523722176,
       4.22842055555462
      ],
      [
       73.5445240938363,
       4.2284847611553
      ],
      [
       73.5445997590981,
       4.22854422882914
      ],
      [
       73.5446785583566,
       4.22859837281529
      ],
      [
       73.5447113686886,
       4.22861881407799
      ],
      [
       73.5447131979946,
       4.22861992087587
      ],
      [
       73.5447755386074,
       4.22865558070044
      ],
      [
       73.5448592368812,
       4.22869748390724
      ],
      [
       73.5449455843457,
       4.22873415023667
      ],
      [
       73.5450340418632,
       4.2287653353923
      ],
      [
       73.5451242664464,
       4.22879091753948
      ],
      [
       73.5451743355122,
       4.22880177936623
      ],
      [
       73.5452217452155,
       4.22880836836631
      ],
      [
       73.5452678468449,
       4.22882127931506
      ],
      [
       73.5453118075752,
       4.22884027912303
      ],
      [
       73.5453528353255,
       4.2288650235374
      ],
      [
       73.5453901877464,
       4.2288950680113
      ],
      [
       73.5454231911378,
       4.22892986773951
      ],
      [
       73.5454512494216,
       4.22896879666735
      ],
      [
       73.5454738558488,
       4.22901114932145
      ],
      [
       73.5454906028666,
       4.22905616343814
      ],
      [
       73.5465005517432,
       4.2326746673438
      ],
      [
       73.547018543285,
       4.23453055131501
      ],
      [
       73.5470950770158,
       4.23480475952345
      ],
      [
       73.5476743196676,
       4.23688008154522
      ]
     ],
     [
      [
       73.547716303055,
       4.23689645674135
      ],
      [
       73.5480091200184,
       4.23794556362291
      ],
      [
       73.5481915652469,
       4.23859922994537
      ]
     ]
    ]
   },
   "properties": {
    "FID": 14,
    "OBJECTID_1": 94,
    "Road_Names": "Hithigas Magu",
    "UPDEC": 1,
    "Phase": "P2",
    "Shape__Length": 1971.4481251112757
   }
  },
  {
   "type": "Feature",
   "id": 15,
   "geometry": {
    "type": "MultiLineString",
    "coordinates": [
     [
      [
       73.5445547034584,
       4.21577151644898
      ],
      [
       73.5439407881912,
       4.21594671676504
      ],
      [
       73.5438685960992,
       4.21596731901513
      ],
      [
       73.5433289015984,
       4.21612133697469
      ]
     ],
     [
      [
       73.5433289015984,
       4.21612133697469
      ],
      [
       73.5431860000001,
       4.21616211814528
      ]
     ],
     [
      [
       73.5431860000001,
       4.21616211814528
      ],
      [
       73.5432457554074,
       4.21637668404883
      ],
      [
       73.5433883354169,
       4.21633592669487
      ],
      [
       73.5433289015984,
       4.21612133697469
      ]
     ],
     [
      [
       73.5431860000001,
       4.21616211814528
      ],
      [
       73.5431816612094,
       4.21616335625147
      ],
      [
       73.5429362545351,
       4.21623339100691
      ],
      [
       73.5426391915283,
       4.21631816609964
      ],
      [
       73.5423732165594,
       4.21639406949617
      ],
      [
       73.5419513884278,
       4.21651445001233
      ]
     ]
    ]
   },
   "properties": {
    "FID": 15,
    "OBJECTID_1": 222,
    "Road_Names": "Huvandhu Maa Higun",
    "UPDEC": 1,
    "Phase": "P1",
    "Shape__Length": 366.1668175640037
   }
  },
  {
   "type": "Feature",
   "id": 16,
   "geometry": {
    "type": "MultiLineString",
    "coordinates": [
     [
      [
       73.5404106874126,
       4.20732038145716
      ],
      [
       73.5405250899444,
       4.20772550521306
      ],
      [
       73.5406253948425,
       4.2080823677819
      ],
      [
       73.540725697987,
       4.2084392258412
      ],
      [
       73.540826002067,
       4.20879608663113
      ],
      [
       73.5409305437056,
       4.20916737137204
      ],
      [
       73.5411341979003,
       4.20989257817609
      ],
      [
       73.5413121483728,
       4.21052564271851
      ],
      [
       73.5414316546606,
       4.21095091337306
      ],
      [
       73.5415603772882,
       4.21140994144713
      ],
      [
       73.5419464621523,
       4.21278247748835
      ]
     ],
     [
      [
       73.5419608024431,
       4.2127783858139
      ],
      [
       73.5422109731676,
       4.21366320212776
      ],
      [
       73.5429362545351,
       4.21623339100691
      ]
     ]
    ]
   },
   "properties": {
    "FID": 16,
    "OBJECTID_1": 29,
    "Road_Names": "Boagan Villa Magu",
    "UPDEC": 1,
    "Phase": "P1",
    "Shape__Length": 1024.63425521471
   }
  },
  {
   "type": "Feature",
   "id": 17,
   "geometry": {
    "type": "LineString",
    "coordinates": [
     [
      73.5459464676352,
      4.22049938216844
     ],
     [
      73.5455700999076,
      4.22060679262507
     ],
     [
      73.5452115020511,
      4.22070910740375
     ],
     [
      73.5448154635825,
      4.22082210582454
     ],
     [
      73.5443721207511,
      4.22094860004225
     ],
     [
      73.5440193432985,
      4.22104925467862
     ],
     [
      73.5436779833784,
      4.22114665034665
     ],
     [
      73.5433009024993,
      4.22125423811751
     ]
    ]
   },
   "properties": {
    "FID": 17,
    "OBJECTID_1": 54,
    "Road_Names": "Handhuvaree Higun",
    "UPDEC": 1,
    "Phase": "P1",
    "Shape__Length": 305.3170871064563
   }
  },
  {
   "type": "Feature",
   "id": 18,
   "geometry": {
    "type": "LineString",
    "coordinates": [
     [
      73.5433379284759,
      4.22138428225207
     ],
     [
      73.5415365403169,
      4.22189072224898
     ],
     [
      73.5414854202752,
      4.22190509357876
     ],
     [
      73.5409235682956,
      4.22206311913269
     ]
    ]
   },
   "properties": {
    "FID": 18,
    "OBJECTID_1": 119,
    "Road_Names": "Banafsa Higun",
    "UPDEC": 1,
    "Phase": "P1",
    "Shape__Length": 278.33269279267853
   }
  },
  {
   "type": "Feature",
   "id": 19,
   "geometry": {
    "type": "LineString",
    "coordinates": [
     [
      73.5414854202752,
      4.22190509357876
     ],
     [
      73.5412471511173,
      4.21906501641077
     ],
     [
      73.5412136950644,
      4.2190205985674
     ]
    ]
   },
   "properties": {
    "FID": 19,
    "OBJECTID_1": 33,
    "Road_Names": "Kurikeela Magu",
    "UPDEC": 1,
    "Phase": "P1",
    "Shape__Length": 321.3023423162798
   }
  },
  {
   "type": "Feature",
   "id": 20,
   "geometry": {
    "type": "LineString",
    "coordinates": [
     [
      73.5408882500896,
      4.22161653720006
     ],
     [
      73.5403201771067,
      4.22177710644092
     ],
     [
      73.5399494321222,
      4.22188189973361
     ],
     [
      73.5393876734005,
      4.22204068302964
     ]
    ]
   },
   "properties": {
    "FID": 20,
    "OBJECTID_1": 36,
    "Road_Names": " ",
    "UPDEC": 0,
    "Phase": "P1",
    "Shape__Length": 173.05665899068407
   }
  },
  {
   "type": "Feature",
   "id": 21,
   "geometry": {
    "type": "LineString",
    "coordinates": [
     [
      73.5392797907052,
      4.21957520284307
     ],
     [
      73.5399351494051,
      4.2218859362492
     ]
    ]
   },
   "properties": {
    "FID": 21,
    "OBJECTID_1": 38,
    "Road_Names": " ",
    "UPDEC": 0,
    "Phase": "P1",
    "Shape__Length": 265.6584107124821
   }
  },
  {
   "type": "Feature",
   "id": 22,
   "geometry": {
    "type": "LineString",
    "coordinates": [
     [
      73.5454744558128,
      4.21887693384288
     ],
     [
      73.5447401314216,
      4.2190876732429
     ],
     [
      73.5445894578446,
      4.21913091162565
     ],
     [
      73.5439180119461,
      4.21932359705646
     ],
     [
      73.5437318183787,
      4.21937702886426
     ],
     [
      73.5428393409929,
      4.21963314175302
     ]
    ]
   },
   "properties": {
    "FID": 22,
    "OBJECTID_1": 51,
    "Road_Names": "Unimaa Higun",
    "UPDEC": 1,
    "Phase": "P1",
    "Shape__Length": 304.24303907141143
   }
  },
  {
   "type": "Feature",
   "id": 23,
   "geometry": {
    "type": "LineString",
    "coordinates": [
     [
      73.5452115020511,
      4.22070910740375
     ],
     [
      73.5450453844579,
      4.22012682320846
     ],
     [
      73.5449474289008,
      4.21978346344163
     ],
     [
      73.544849454583,
      4.21944004034668
     ],
     [
      73.5447482385489,
      4.21908534608127
     ]
    ]
   },
   "properties": {
    "FID": 23,
    "OBJECTID_1": 75,
    "Road_Names": "Carnation Magu",
    "UPDEC": 1,
    "Phase": "P1",
    "Shape__Length": 186.76230105204957
   }
  },
  {
   "type": "Feature",
   "id": 24,
   "geometry": {
    "type": "LineString",
    "coordinates": [
     [
      73.544589380333,
      4.21913093408997
     ],
     [
      73.5444914439054,
      4.21879433834956
     ],
     [
      73.5443995082256,
      4.2184783260776
     ],
     [
      73.5443013079032,
      4.2181407802581
     ]
    ]
   },
   "properties": {
    "FID": 24,
    "OBJECTID_1": 61,
    "Road_Names": "Kaneeru Magu",
    "UPDEC": 1,
    "Phase": "P1",
    "Shape__Length": 114.05795998671306
   }
  },
  {
   "type": "Feature",
   "id": 25,
   "geometry": {
    "type": "MultiLineString",
    "coordinates": [
     [
      [
       73.5407121828437,
       4.21313470658725
      ],
      [
       73.5406766050012,
       4.21270013816122
      ],
      [
       73.5406210194867,
       4.21202822561269
      ],
      [
       73.5406128440064,
       4.21197350731308
      ],
      [
       73.5406050636273,
       4.21193492678882
      ],
      [
       73.5405965092051,
       4.21190324982909
      ],
      [
       73.5405406492498,
       4.21170094225436
      ],
      [
       73.5404116559771,
       4.21124152300007
      ],
      [
       73.5401147245396,
       4.21018392954151
      ],
      [
       73.540014558471,
       4.20982718022157
      ],
      [
       73.5399109356293,
       4.2094581048249
      ],
      [
       73.5398068340278,
       4.2090873527113
      ],
      [
       73.5396064243177,
       4.20837357819896
      ],
      [
       73.5393919951698,
       4.20761125329069
      ]
     ],
     [
      [
       73.5406552362422,
       4.21315095728523
      ],
      [
       73.5407243128237,
       4.21402291193307
      ],
      [
       73.5408115000946,
       4.21512034521575
      ]
     ]
    ]
   },
   "properties": {
    "FID": 25,
    "OBJECTID_1": 78,
    "Road_Names": "Rabarugas Magu",
    "UPDEC": 1,
    "Phase": "P1",
    "Shape__Length": 848.3650972681899
   }
  },
  {
   "type": "Feature",
   "id": 26,
   "geometry": {
    "type": "LineString",
    "coordinates": [
     [
      73.5403144919341,
      4.21472337844181
     ],
     [
      73.53857533956,
      4.21521055766391
     ],
     [
      73.5375343218499,
      4.21550218336178
     ]
    ]
   },
   "properties": {
    "FID": 26,
    "OBJECTID_1": 40,
    "Road_Names": " ",
    "UPDEC": 0,
    "Phase": "P1",
    "Shape__Length": 320.4211301155834
   }
  },
  {
   "type": "Feature",
   "id": 27,
   "geometry": {
    "type": "LineString",
    "coordinates": [
     [
      73.5381499499412,
      4.20516780187412
     ],
     [
      73.538968790071,
      4.20493427634917
     ],
     [
      73.5408490996042,
      4.2043976845884
     ]
    ]
   },
   "properties": {
    "FID": 27,
    "OBJECTID_1": 45,
    "Road_Names": "Kashimaa Higun",
    "UPDEC": 1,
    "Phase": "P1",
    "Shape__Length": 311.50691054719755
   }
  },
  {
   "type": "Feature",
   "id": 28,
   "geometry": {
    "type": "LineString",
    "coordinates": [
     [
      73.5396937927737,
      4.20752496339421
     ],
     [
      73.538968790071,
      4.20493427634917
     ]
    ]
   },
   "properties": {
    "FID": 28,
    "OBJECTID_1": 44,
    "Road_Names": "Dhanbugas Magu",
    "UPDEC": 1,
    "Phase": "P1",
    "Shape__Length": 297.549478750623
   }
  },
  {
   "type": "Feature",
   "id": 29,
   "geometry": {
    "type": "LineString",
    "coordinates": [
     [
      73.5410618781113,
      4.20713501676913
     ],
     [
      73.541584060675,
      4.20897980349301
     ],
     [
      73.5416887273652,
      4.20934944702898
     ],
     [
      73.5417897775335,
      4.20970643046733
     ],
     [
      73.5419688393858,
      4.2103389562908
     ],
     [
      73.5420889300218,
      4.21076313464779
     ],
     [
      73.5422188495866,
      4.21122203203804
     ],
     [
      73.5426065355156,
      4.21259411079471
     ],
     [
      73.5426138174307,
      4.21266001657064
     ],
     [
      73.542621779713,
      4.21273207257723
     ],
     [
      73.542631982038,
      4.21279700618699
     ],
     [
      73.542642678453,
      4.2128650852914
     ],
     [
      73.5426481862852,
      4.21289297799825
     ],
     [
      73.5426735057337,
      4.2130146100146
     ],
     [
      73.5427002480821,
      4.21312047302909
     ],
     [
      73.5427377313853,
      4.2132477495676
     ],
     [
      73.5427870178096,
      4.2133910559762
     ],
     [
      73.5428482618121,
      4.21354242847863
     ],
     [
      73.5428958817728,
      4.21364605522818
     ],
     [
      73.5429650037235,
      4.21378125030077
     ],
     [
      73.5430342041074,
      4.21390141996934
     ],
     [
      73.5431146185353,
      4.21402647630391
     ],
     [
      73.543188727605,
      4.21413155547009
     ],
     [
      73.5432804087463,
      4.21424822029713
     ],
     [
      73.5433668632886,
      4.2143688392631
     ],
     [
      73.5434479232172,
      4.21449317691242
     ],
     [
      73.5434991653254,
      4.21457991643777
     ],
     [
      73.5435283990356,
      4.21463031874138
     ],
     [
      73.5435479125658,
      4.21466694973212
     ],
     [
      73.5435932349831,
      4.21475203035195
     ],
     [
      73.5436621305191,
      4.21489765083212
     ],
     [
      73.5437152091697,
      4.21502275627509
     ],
     [
      73.5437505436171,
      4.21511744269295
     ],
     [
      73.5437700788206,
      4.21517099398321
     ],
     [
      73.5437906520633,
      4.21523454345841
     ],
     [
      73.5438141197422,
      4.21530769576483
     ],
     [
      73.5438339835515,
      4.21537974338
     ],
     [
      73.5438523772616,
      4.21544645865975
     ],
     [
      73.5438674950488,
      4.21551252386776
     ],
     [
      73.543893142045,
      4.21563296908017
     ],
     [
      73.5439160239237,
      4.21576483790019
     ],
     [
      73.5439407881912,
      4.21594671676504
     ]
    ]
   },
   "properties": {
    "FID": 29,
    "OBJECTID_1": 18,
    "Road_Names": "Chanbeylee Magu",
    "UPDEC": 1,
    "Phase": "P1",
    "Shape__Length": 1032.196971827839
   }
  },
  {
   "type": "Feature",
   "id": 30,
   "geometry": {
    "type": "LineString",
    "coordinates": [
     [
      73.5423668530318,
      4.21797365369245
     ],
     [
      73.5419431565015,
      4.21809456307963
     ],
     [
      73.5413241606055,
      4.21827120519003
     ],
     [
      73.5408977211404,
      4.21839250576212
     ],
     [
      73.5408019888562,
      4.21841553684407
     ],
     [
      73.5407190520631,
      4.21843062792675
     ],
     [
      73.540622726639,
      4.21844181126281
     ],
     [
      73.5405196295471,
      4.21844687721212
     ],
     [
      73.5404164285639,
      4.21844486700519
     ],
     [
      73.5403136047034,
      4.21843579149642
     ],
     [
      73.5402116371209,
      4.21841969228626
     ],
     [
      73.5401110013071,
      4.21839664352646
     ],
     [
      73.5400281323,
      4.21837158246731
     ],
     [
      73.5399314516204,
      4.21833617089014
     ],
     [
      73.5398677482917,
      4.21830818039994
     ],
     [
      73.5398217357569,
      4.21828704049755
     ],
     [
      73.5397178275245,
      4.21822917286655
     ],
     [
      73.5396438898693,
      4.21818203435253
     ],
     [
      73.5396113228274,
      4.21815799134147
     ],
     [
      73.5395607320566,
      4.21812064157506
     ],
     [
      73.5395423613132,
      4.21810503159106
     ],
     [
      73.5395345987612,
      4.21809843573344
     ],
     [
      73.5394772427758,
      4.21804911357992
     ],
     [
      73.539448555547,
      4.21802216483181
     ],
     [
      73.5394078861688,
      4.21798150377879
     ],
     [
      73.5393786259716,
      4.21794880022496
     ],
     [
      73.5393389094176,
      4.21790440854948
     ],
     [
      73.5392780967619,
      4.21782631396623
     ],
     [
      73.5392381896974,
      4.21776769769374
     ],
     [
      73.5392156777226,
      4.21773388992445
     ],
     [
      73.5391655463534,
      4.21764738744824
     ],
     [
      73.5391198454415,
      4.21755446672408
     ],
     [
      73.5390805682314,
      4.21745863149284
     ],
     [
      73.5390428156714,
      4.21734421664528
     ],
     [
      73.5390219814693,
      4.21726001765219
     ],
     [
      73.5390025228972,
      4.21715455001248
     ],
     [
      73.5389908790221,
      4.21705524331883
     ],
     [
      73.538985835092,
      4.21695173640748
     ],
     [
      73.5389879918862,
      4.21685225673448
     ],
     [
      73.5389929955554,
      4.21678924920927
     ],
     [
      73.5389975380328,
      4.21674069657498
     ],
     [
      73.5390042114968,
      4.21669810154788
     ],
     [
      73.5390129189152,
      4.21664251970087
     ],
     [
      73.5390322423951,
      4.21655748288588
     ],
     [
      73.5390358782022,
      4.21654148475202
     ],
     [
      73.539065650497,
      4.21644225874378
     ],
     [
      73.5390682056457,
      4.21643525815381
     ],
     [
      73.5390727227255,
      4.21642344719252
     ],
     [
      73.539077924597,
      4.21640961078367
     ],
     [
      73.5390850043481,
      4.21639014718147
     ],
     [
      73.53909208807,
      4.21637193345272
     ],
     [
      73.5390985908628,
      4.21635463568103
     ],
     [
      73.5391030757849,
      4.21634316109154
     ],
     [
      73.5391236543244,
      4.21629801653488
     ],
     [
      73.5391450532531,
      4.21625107197734
     ],
     [
      73.5391794151112,
      4.21618754361131
     ],
     [
      73.5391943118166,
      4.21616000224367
     ],
     [
      73.5392094829322,
      4.21613601654687
     ],
     [
      73.539240805425,
      4.2160864968729
     ],
     [
      73.5392552343338,
      4.21606489103469
     ],
     [
      73.5393107971248,
      4.21598903322472
     ],
     [
      73.5393774809976,
      4.21590993058591
     ],
     [
      73.5394438408041,
      4.2158413155325
     ],
     [
      73.5395261774548,
      4.21576633288129
     ],
     [
      73.5395887570949,
      4.21571721476011
     ],
     [
      73.539624420258,
      4.21569100030053
     ],
     [
      73.5396929648232,
      4.21564439945359
     ],
     [
      73.5397968637279,
      4.21558500740176
     ],
     [
      73.539894556879,
      4.21553821627613
     ],
     [
      73.5399466491525,
      4.21551669754278
     ],
     [
      73.5399815526728,
      4.21550316569721
     ],
     [
      73.5400219574143,
      4.21548963063136
     ],
     [
      73.5400681056757,
      4.21547417097161
     ],
     [
      73.5401375661616,
      4.21545758849132
     ],
     [
      73.5401390136604,
      4.2154557082741
     ],
     [
      73.5401680201604,
      4.21544815600546
     ],
     [
      73.540205579311,
      4.21544135056752
     ],
     [
      73.5402694711423,
      4.2154290471218
     ],
     [
      73.5403124048688,
      4.21542397283952
     ],
     [
      73.5403719837347,
      4.21541693296255
     ],
     [
      73.5404164578271,
      4.21541476194929
     ],
     [
      73.540475909169,
      4.21541185940816
     ],
     [
      73.5405415780707,
      4.21541319476745
     ],
     [
      73.5405749309154,
      4.21541387336801
     ],
     [
      73.5406663299773,
      4.21542172348344
     ],
     [
      73.5406835712061,
      4.21542326984733
     ],
     [
      73.5407262602428,
      4.21543009595025
     ],
     [
      73.5407978098462,
      4.21544193055653
     ],
     [
      73.5408317187169,
      4.21545021701723
     ],
     [
      73.5408877083993,
      4.2154631881241
     ],
     [
      73.540940089184,
      4.21547920476053
     ],
     [
      73.5409872428775,
      4.21549362255518
     ],
     [
      73.5410098684585,
      4.21550228934936
     ],
     [
      73.5410206389021,
      4.21550641462148
     ],
     [
      73.541028291183,
      4.21550934566365
     ],
     [
      73.5410573952351,
      4.21552049361942
     ],
     [
      73.5410806536336,
      4.21552940216931
     ],
     [
      73.5411331493595,
      4.21555238281656
     ],
     [
      73.541183952695,
      4.21557669516049
     ],
     [
      73.5412284898563,
      4.21560206742775
     ],
     [
      73.5412645066776,
      4.21562192317844
     ],
     [
      73.5413150091449,
      4.21565397110607
     ],
     [
      73.5413513939742,
      4.21567743787211
     ],
     [
      73.5414359198135,
      4.21573996347858
     ],
     [
      73.5415200931691,
      4.21581182172699
     ],
     [
      73.5415890570202,
      4.21587998137497
     ],
     [
      73.5416631938113,
      4.21596333636116
     ],
     [
      73.5417231002654,
      4.2160415448523
     ],
     [
      73.5417739631453,
      4.21611851270989
     ],
     [
      73.5417884026364,
      4.21614049211177
     ],
     [
      73.5418357358733,
      4.21622389983296
     ],
     [
      73.5418809025516,
      4.21631800694578
     ],
     [
      73.5418980232795,
      4.2163610184657
     ],
     [
      73.5419122587243,
      4.21639678130079
     ],
     [
      73.5419233427607,
      4.21642695269876
     ],
     [
      73.5419356092597,
      4.21646308263478
     ],
     [
      73.5419403671933,
      4.21648006517643
     ],
     [
      73.5419513884278,
      4.21651445001233
     ]
    ]
   },
   "properties": {
    "FID": 30,
    "OBJECTID_1": 35,
    "Road_Names": "Bageechaa Higun",
    "UPDEC": 1,
    "Phase": "P1",
    "Shape__Length": 958.720450342479
   }
  },
  {
   "type": "Feature",
   "id": 31,
   "geometry": {
    "type": "LineString",
    "coordinates": [
     [
      73.5452830448657,
      4.21591780981681
     ],
     [
      73.5452719503993,
      4.21591206150781
     ],
     [
      73.5452599635759,
      4.21590855080041
     ],
     [
      73.5452475731394,
      4.2159070054843
     ],
     [
      73.5452412859748,
      4.21590723607662
     ],
     [
      73.5452350961022,
      4.21590746413808
     ],
     [
      73.5452228513707,
      4.21590991560242
     ],
     [
      73.5452148362371,
      4.21591220225585
     ],
     [
      73.5452069959503,
      4.21591444039975
     ],
     [
      73.5450044391599,
      4.21597224654375
     ],
     [
      73.544652795235,
      4.21607259872472
     ]
    ]
   },
   "properties": {
    "FID": 31,
    "OBJECTID_1": 96,
    "Road_Names": "Nirolhu Magu - 10 Goalhi",
    "UPDEC": 1,
    "Phase": "P1",
    "Shape__Length": 72.72005975783897
   }
  },
  {
   "type": "Feature",
   "id": 32,
   "geometry": {
    "type": "LineString",
    "coordinates": [
     [
      73.5444580806573,
      4.21547494261826
     ],
     [
      73.5448405040365,
      4.21534935682769
     ],
     [
      73.545071055945,
      4.21527361298524
     ],
     [
      73.5450820550527,
      4.21526814575169
     ],
     [
      73.5450920223339,
      4.21526095733507
     ],
     [
      73.5451006934999,
      4.21525223716234
     ],
     [
      73.545107836612,
      4.21524221722752
     ],
     [
      73.5451107410013,
      4.21523630252215
     ],
     [
      73.5451132629027,
      4.21523116578126
     ],
     [
      73.5451139997914,
      4.21522872801758
     ]
    ]
   },
   "properties": {
    "FID": 32,
    "OBJECTID_1": 107,
    "Road_Names": "Nirolhu Magu - 11 Goalhi",
    "UPDEC": 1,
    "Phase": "P1",
    "Shape__Length": 78.69014481384447
   }
  },
  {
   "type": "Feature",
   "id": 33,
   "geometry": {
    "type": "LineString",
    "coordinates": [
     [
      73.5451139997914,
      4.21522872801758
     ],
     [
      73.5451168267995,
      4.2152193746693
     ],
     [
      73.5451184349328,
      4.21520715934947
     ],
     [
      73.5451180434605,
      4.21519484441631
     ],
     [
      73.5451156625851,
      4.21518275637444
     ],
     [
      73.5451141613997,
      4.21517669594423
     ],
     [
      73.5451125329414,
      4.21516980594815
     ],
     [
      73.5451101833503,
      4.21516075581716
     ],
     [
      73.5449082302519,
      4.21435146395258
     ],
     [
      73.5446679140982,
      4.21338844321289
     ],
     [
      73.5446288422087,
      4.21323313115509
     ],
     [
      73.5446232060916,
      4.21321072785449
     ],
     [
      73.5445297780108,
      4.21293034961648
     ],
     [
      73.5444917501655,
      4.21281622642417
     ],
     [
      73.5444183792185,
      4.21259603868317
     ],
     [
      73.5443726214881,
      4.21245871783522
     ],
     [
      73.5443677722967,
      4.21244717956355
     ],
     [
      73.5443610145951,
      4.21243645347653
     ],
     [
      73.5443525871538,
      4.21242699312183
     ],
     [
      73.5443427209975,
      4.21241905758833
     ],
     [
      73.544331685961,
      4.21241286534002
     ]
    ]
   },
   "properties": {
    "FID": 33,
    "OBJECTID_1": 32,
    "Road_Names": "Hirundhu Magu",
    "UPDEC": 1,
    "Phase": "P1",
    "Shape__Length": 324.64662070991955
   }
  },
  {
   "type": "Feature",
   "id": 34,
   "geometry": {
    "type": "LineString",
    "coordinates": [
     [
      73.544331685961,
      4.21241286534002
     ],
     [
      73.5443197843987,
      4.21240858606471
     ],
     [
      73.5443073430857,
      4.21240633613685
     ],
     [
      73.54429470241,
      4.21240617769291
     ],
     [
      73.5442822091711,
      4.21240811590477
     ],
     [
      73.5442779495169,
      4.21240943828174
     ],
     [
      73.5442609067252,
      4.21241503527466
     ],
     [
      73.5439206872213,
      4.21252676460185
     ],
     [
      73.5435384313727,
      4.21265222226378
     ]
    ]
   },
   "properties": {
    "FID": 34,
    "OBJECTID_1": 106,
    "Road_Names": "Nirolhu Magu - 14 Goalhi",
    "UPDEC": 1,
    "Phase": "P1",
    "Shape__Length": 92.4817190032229
   }
  },
  {
   "type": "Feature",
   "id": 35,
   "geometry": {
    "type": "LineString",
    "coordinates": [
     [
      73.5448405040365,
      4.21534935682769
     ],
     [
      73.5445533762921,
      4.21446799712513
     ],
     [
      73.5442466848521,
      4.21352677444128
     ],
     [
      73.5439206872213,
      4.21252676460185
     ]
    ]
   },
   "properties": {
    "FID": 35,
    "OBJECTID_1": 81,
    "Road_Names": "Ahigas Magu",
    "UPDEC": 1,
    "Phase": "P1",
    "Shape__Length": 328.37842545942215
   }
  },
  {
   "type": "Feature",
   "id": 36,
   "geometry": {
    "type": "LineString",
    "coordinates": [
     [
      73.5433456113298,
      4.21205932797164
     ],
     [
      73.543727478116,
      4.21193365072138
     ],
     [
      73.5440806751483,
      4.21181758383876
     ],
     [
      73.544089877292,
      4.21181346711084
     ],
     [
      73.5440985121634,
      4.21180825591032
     ],
     [
      73.5441064499045,
      4.21180202686712
     ],
     [
      73.5441145166062,
      4.21179378127238
     ],
     [
      73.5441213610636,
      4.21178448881477
     ]
    ]
   },
   "properties": {
    "FID": 36,
    "OBJECTID_1": 98,
    "Road_Names": "Nirolhu Magu - 15 Goalhi",
    "UPDEC": 1,
    "Phase": "P1",
    "Shape__Length": 91.77870733588155
   }
  },
  {
   "type": "Feature",
   "id": 37,
   "geometry": {
    "type": "MultiLineString",
    "coordinates": [
     [
      [
       73.5436789101405,
       4.21031772160812
      ],
      [
       73.5435416842452,
       4.20990575475757
      ],
      [
       73.5432303266661,
       4.20897102010791
      ],
      [
       73.5430932577938,
       4.20855952209703
      ],
      [
       73.5429560573154,
       4.2081476295466
      ],
      [
       73.5426024221985,
       4.20708514300084
      ],
      [
       73.5425947740127,
       4.2070718042759
      ],
      [
       73.5425884616611,
       4.20706527450102
      ],
      [
       73.5425796275419,
       4.2070594653221
      ]
     ],
     [
      [
       73.5441213610636,
       4.21178448881477
      ],
      [
       73.544126852323,
       4.21177433103157
      ],
      [
       73.5441304604793,
       4.21176488690184
      ],
      [
       73.5441328946794,
       4.2117550715803
      ],
      [
       73.5441340204507,
       4.21174647473532
      ],
      [
       73.5441342698894,
       4.2117392518276
      ],
      [
       73.5441338914576,
       4.21173203497837
      ],
      [
       73.5441323129084,
       4.21172204482449
      ],
      [
       73.5441300034718,
       4.21171368934523
      ],
      [
       73.5436662344159,
       4.21032189965661
      ]
     ]
    ]
   },
   "properties": {
    "FID": 37,
    "OBJECTID_1": 22,
    "Road_Names": "Kaani Magu",
    "UPDEC": 1,
    "Phase": "P1",
    "Shape__Length": 551.1859913634909
   }
  },
  {
   "type": "Feature",
   "id": 38,
   "geometry": {
    "type": "LineString",
    "coordinates": [
     [
      73.5425796275419,
      4.2070594653221
     ],
     [
      73.5425747682928,
      4.20705674846951
     ],
     [
      73.5425706775249,
      4.20705543034108
     ],
     [
      73.5425653411713,
      4.20705496543241
     ],
     [
      73.5425594019803,
      4.20705461063408
     ],
     [
      73.5425512292675,
      4.20705643485004
     ],
     [
      73.5422083658629,
      4.2071686313
     ],
     [
      73.5417963515762,
      4.20730423648371
     ]
    ]
   },
   "properties": {
    "FID": 38,
    "OBJECTID_1": 97,
    "Road_Names": "Nirolhu Magu - 21 Goalhi",
    "UPDEC": 1,
    "Phase": "P1",
    "Shape__Length": 91.44593318319912
   }
  },
  {
   "type": "Feature",
   "id": 39,
   "geometry": {
    "type": "LineString",
    "coordinates": [
     [
      73.542864874379,
      4.21058483060802
     ],
     [
      73.5432470404625,
      4.21045956452235
     ],
     [
      73.5436789101405,
      4.21031772160812
     ]
    ]
   },
   "properties": {
    "FID": 39,
    "OBJECTID_1": 26,
    "Road_Names": "Nirolhu Magu - 16 Goalhi",
    "UPDEC": 1,
    "Phase": "P1",
    "Shape__Length": 95.07214455552581
   }
  },
  {
   "type": "Feature",
   "id": 40,
   "geometry": {
    "type": "LineString",
    "coordinates": [
     [
      73.5427299276695,
      4.21017061337524
     ],
     [
      73.5431483450254,
      4.21003436449093
     ],
     [
      73.5435416842452,
      4.20990575475757
     ]
    ]
   },
   "properties": {
    "FID": 40,
    "OBJECTID_1": 24,
    "Road_Names": "Nirolhu Magu - 17 Goalhi",
    "UPDEC": 1,
    "Phase": "P1",
    "Shape__Length": 94.75454036006822
   }
  },
  {
   "type": "Feature",
   "id": 41,
   "geometry": {
    "type": "LineString",
    "coordinates": [
     [
      73.5459755705362,
      4.2205994181996
     ],
     [
      73.5464328829276,
      4.22046522287342
     ]
    ]
   },
   "properties": {
    "FID": 41,
    "OBJECTID_1": 50,
    "Road_Names": "Nirolhu Magu - 1 Goalhi",
    "UPDEC": 1,
    "Phase": "P1",
    "Shape__Length": 52.890740798735955
   }
  },
  {
   "type": "Feature",
   "id": 42,
   "geometry": {
    "type": "LineString",
    "coordinates": [
     [
      73.5462254003241,
      4.21959504188872
     ],
     [
      73.5457249450203,
      4.21973794251452
     ]
    ]
   },
   "properties": {
    "FID": 42,
    "OBJECTID_1": 49,
    "Road_Names": "Nirolhu Magu - 3 Goalhi",
    "UPDEC": 1,
    "Phase": "P1",
    "Shape__Length": 57.75937432548016
   }
  },
  {
   "type": "Feature",
   "id": 43,
   "geometry": {
    "type": "LineString",
    "coordinates": [
     [
      73.5460090399106,
      4.21872801695423
     ],
     [
      73.5454754341413,
      4.2188802973024
     ]
    ]
   },
   "properties": {
    "FID": 43,
    "OBJECTID_1": 48,
    "Road_Names": "Nirolhu Magu - 6 Goalhi",
    "UPDEC": 1,
    "Phase": "P1",
    "Shape__Length": 61.58285600958166
   }
  },
  {
   "type": "Feature",
   "id": 44,
   "geometry": {
    "type": "LineString",
    "coordinates": [
     [
      73.5450044175305,
      4.21597225192954
     ],
     [
      73.5454980059206,
      4.21780185406127
     ]
    ]
   },
   "properties": {
    "FID": 44,
    "OBJECTID_1": 46,
    "Road_Names": "Halaveli Magu",
    "UPDEC": 1,
    "Phase": "P1",
    "Shape__Length": 209.59149486800484
   }
  },
  {
   "type": "Feature",
   "id": 45,
   "geometry": {
    "type": "LineString",
    "coordinates": [
     [
      73.5449082302519,
      4.21435146395258
     ],
     [
      73.5445533762921,
      4.21446799712513
     ],
     [
      73.5441709371673,
      4.21459359011529
     ]
    ]
   },
   "properties": {
    "FID": 45,
    "OBJECTID_1": 80,
    "Road_Names": "Nirolhu Magu - 12 Goalhi",
    "UPDEC": 1,
    "Phase": "P1",
    "Shape__Length": 86.11565788698042
   }
  },
  {
   "type": "Feature",
   "id": 46,
   "geometry": {
    "type": "LineString",
    "coordinates": [
     [
      73.5446679140982,
      4.21338844321289
     ],
     [
      73.5438642813955,
      4.21365235573486
     ]
    ]
   },
   "properties": {
    "FID": 46,
    "OBJECTID_1": 79,
    "Road_Names": "Nirolhu Magu - 13 Goalhi",
    "UPDEC": 1,
    "Phase": "P1",
    "Shape__Length": 93.86424145467471
   }
  },
  {
   "type": "Feature",
   "id": 47,
   "geometry": {
    "type": "LineString",
    "coordinates": [
     [
      73.5432470404625,
      4.21045956452235
     ],
     [
      73.543727478116,
      4.21193365072138
     ]
    ]
   },
   "properties": {
    "FID": 47,
    "OBJECTID_1": 27,
    "Road_Names": "Uni Gas Magu",
    "UPDEC": 1,
    "Phase": "P1",
    "Shape__Length": 171.4966105253896
   }
  },
  {
   "type": "Feature",
   "id": 48,
   "geometry": {
    "type": "LineString",
    "coordinates": [
     [
      73.5432308378304,
      4.20897128333927
     ],
     [
      73.5424235542359,
      4.20922966855449
     ]
    ]
   },
   "properties": {
    "FID": 48,
    "OBJECTID_1": 25,
    "Road_Names": "Nirolhu Magu - 18 Goalhi",
    "UPDEC": 1,
    "Phase": "P1",
    "Shape__Length": 94.06264467246096
   }
  },
  {
   "type": "Feature",
   "id": 49,
   "geometry": {
    "type": "LineString",
    "coordinates": [
     [
      73.5430932577938,
      4.20855952209703
     ],
     [
      73.5422893984695,
      4.20881846630667
     ]
    ]
   },
   "properties": {
    "FID": 49,
    "OBJECTID_1": 21,
    "Road_Names": "Nirolhu Magu - 19 Goalhi",
    "UPDEC": 1,
    "Phase": "P1",
    "Shape__Length": 93.71945189983305
   }
  },
  {
   "type": "Feature",
   "id": 50,
   "geometry": {
    "type": "LineString",
    "coordinates": [
     [
      73.5431533538158,
      4.21003272698362
     ],
     [
      73.5428409301626,
      4.20909608025177
     ]
    ]
   },
   "properties": {
    "FID": 50,
    "OBJECTID_1": 23,
    "Road_Names": "Lansimoo Magu",
    "UPDEC": 1,
    "Phase": "P1",
    "Shape__Length": 109.21986497448198
   }
  },
  {
   "type": "Feature",
   "id": 51,
   "geometry": {
    "type": "LineString",
    "coordinates": [
     [
      73.5429566373024,
      4.20815012042226
     ],
     [
      73.5421565550207,
      4.20841028720639
     ]
    ]
   },
   "properties": {
    "FID": 51,
    "OBJECTID_1": 19,
    "Road_Names": "Nirolhu Magu - 20 Goalhi",
    "UPDEC": 1,
    "Phase": "P1",
    "Shape__Length": 93.36190039775994
   }
  },
  {
   "type": "Feature",
   "id": 52,
   "geometry": {
    "type": "LineString",
    "coordinates": [
     [
      73.5425758137243,
      4.20827395489848
     ],
     [
      73.5422119901703,
      4.20716744520205
     ]
    ]
   },
   "properties": {
    "FID": 52,
    "OBJECTID_1": 20,
    "Road_Names": "Kelaa Magu",
    "UPDEC": 1,
    "Phase": "P1",
    "Shape__Length": 128.8429926088091
   }
  },
  {
   "type": "Feature",
   "id": 53,
   "geometry": {
    "type": "LineString",
    "coordinates": [
     [
      73.5443721207511,
      4.22094860004225
     ],
     [
      73.5441294815344,
      4.22008157107497
     ],
     [
      73.5439173531895,
      4.21932373871338
     ]
    ]
   },
   "properties": {
    "FID": 53,
    "OBJECTID_1": 69,
    "Road_Names": "Ranauraa Magu",
    "UPDEC": 1,
    "Phase": "P1",
    "Shape__Length": 186.6219559244954
   }
  },
  {
   "type": "Feature",
   "id": 54,
   "geometry": {
    "type": "LineString",
    "coordinates": [
     [
      73.5441277848939,
      4.22007550575399
     ],
     [
      73.5430511714843,
      4.22037713361832
     ]
    ]
   },
   "properties": {
    "FID": 54,
    "OBJECTID_1": 72,
    "Road_Names": "Hithigas Magu - 1 Goalhi",
    "UPDEC": 1,
    "Phase": "P1",
    "Shape__Length": 124.082335577159
   }
  },
  {
   "type": "Feature",
   "id": 55,
   "geometry": {
    "type": "LineString",
    "coordinates": [
     [
      73.5440242286854,
      4.2197054677092
     ],
     [
      73.5429459051799,
      4.2200075916047
     ]
    ]
   },
   "properties": {
    "FID": 55,
    "OBJECTID_1": 68,
    "Road_Names": "Hithigas Magu - 2 Goalhi",
    "UPDEC": 1,
    "Phase": "P1",
    "Shape__Length": 124.27999160330009
   }
  },
  {
   "type": "Feature",
   "id": 56,
   "geometry": {
    "type": "LineString",
    "coordinates": [
     [
      73.5436779833784,
      4.22114665034665
     ],
     [
      73.5434288990603,
      4.2202712717212
     ]
    ]
   },
   "properties": {
    "FID": 56,
    "OBJECTID_1": 71,
    "Road_Names": "Handhuvaree Higun - 1 Goalhi",
    "UPDEC": 1,
    "Phase": "P1",
    "Shape__Length": 100.66437801366544
   }
  },
  {
   "type": "Feature",
   "id": 57,
   "geometry": {
    "type": "LineString",
    "coordinates": [
     [
      73.5440193432985,
      4.22104925467862
     ],
     [
      73.5437708158046,
      4.22017551493789
     ]
    ]
   },
   "properties": {
    "FID": 57,
    "OBJECTID_1": 70,
    "Road_Names": "Handhuvaree Higun - 2 Goalhi",
    "UPDEC": 1,
    "Phase": "P1",
    "Shape__Length": 100.47314071268177
   }
  },
  {
   "type": "Feature",
   "id": 58,
   "geometry": {
    "type": "LineString",
    "coordinates": [
     [
      73.5457777730938,
      4.21991952593583
     ],
     [
      73.5454010386946,
      4.22002615793541
     ],
     [
      73.5450453844579,
      4.22012682320846
     ]
    ]
   },
   "properties": {
    "FID": 58,
    "OBJECTID_1": 77,
    "Road_Names": "Nirolhu Magu - 2 Goalhi",
    "UPDEC": 1,
    "Phase": "P1",
    "Shape__Length": 84.47250617573464
   }
  },
  {
   "type": "Feature",
   "id": 59,
   "geometry": {
    "type": "LineString",
    "coordinates": [
     [
      73.5454010386946,
      4.22002615793541
     ],
     [
      73.5455700999076,
      4.22060679262507
     ]
    ]
   },
   "properties": {
    "FID": 59,
    "OBJECTID_1": 76,
    "Road_Names": "Handhuvaree Higun - 3 Goalhi",
    "UPDEC": 1,
    "Phase": "P1",
    "Shape__Length": 66.88866861685284
   }
  },
  {
   "type": "Feature",
   "id": 60,
   "geometry": {
    "type": "LineString",
    "coordinates": [
     [
      73.5456780290239,
      4.21957667288068
     ],
     [
      73.5449474289008,
      4.21978346344163
     ]
    ]
   },
   "properties": {
    "FID": 60,
    "OBJECTID_1": 74,
    "Road_Names": "Nirolhu Magu - 4 Goalhi",
    "UPDEC": 1,
    "Phase": "P1",
    "Shape__Length": 84.2662453803093
   }
  },
  {
   "type": "Feature",
   "id": 61,
   "geometry": {
    "type": "LineString",
    "coordinates": [
     [
      73.544849454583,
      4.21944004034668
     ],
     [
      73.5455782661968,
      4.21923375559303
     ]
    ]
   },
   "properties": {
    "FID": 61,
    "OBJECTID_1": 73,
    "Road_Names": "Nirolhu Magu - 5 Goalhi",
    "UPDEC": 1,
    "Phase": "P1",
    "Shape__Length": 84.06001189873957
   }
  },
  {
   "type": "Feature",
   "id": 62,
   "geometry": {
    "type": "LineString",
    "coordinates": [
     [
      73.5453776933918,
      4.21854433227925
     ],
     [
      73.5444914439054,
      4.21879433834956
     ]
    ]
   },
   "properties": {
    "FID": 62,
    "OBJECTID_1": 60,
    "Road_Names": "Nirolhu Magu - 7 Goalhi",
    "UPDEC": 1,
    "Phase": "P1",
    "Shape__Length": 102.19357488776876
   }
  },
  {
   "type": "Feature",
   "id": 63,
   "geometry": {
    "type": "LineString",
    "coordinates": [
     [
      73.5452857582129,
      4.218228319998
     ],
     [
      73.5443995082256,
      4.2184783260776
     ]
    ]
   },
   "properties": {
    "FID": 63,
    "OBJECTID_1": 59,
    "Road_Names": "Nirolhu Magu - 8 Goalhi",
    "UPDEC": 1,
    "Phase": "P1",
    "Shape__Length": 102.19367110921344
   }
  },
  {
   "type": "Feature",
   "id": 64,
   "geometry": {
    "type": "LineString",
    "coordinates": [
     [
      73.5442218025304,
      4.21816346965032
     ],
     [
      73.5441723784954,
      4.21798215313405
     ],
     [
      73.5441618523579,
      4.21793677001085
     ],
     [
      73.5441506689002,
      4.21788833875966
     ],
     [
      73.5441322551258,
      4.21780916905065
     ],
     [
      73.5441286192785,
      4.21779233240778
     ],
     [
      73.5441146001873,
      4.21771964910252
     ],
     [
      73.5440944665254,
      4.21761448395882
     ],
     [
      73.5440851798123,
      4.21755366701121
     ],
     [
      73.544078788194,
      4.21751129241964
     ],
     [
      73.5440660937782,
      4.21742867143654
     ],
     [
      73.5440515482023,
      4.21729814769957
     ],
     [
      73.5440441938518,
      4.21723339032879
     ],
     [
      73.5440307202792,
      4.21705445472581
     ],
     [
      73.544020722332,
      4.21678050486129
     ],
     [
      73.5440135661762,
      4.21667411782439
     ],
     [
      73.5440094563389,
      4.21662155954763
     ],
     [
      73.5439943039302,
      4.2164947282113
     ],
     [
      73.5439766497905,
      4.21638299913558
     ],
     [
      73.5439544050323,
      4.21627132565963
     ],
     [
      73.5439543248218,
      4.21627086246075
     ],
     [
      73.5438685960992,
      4.21596731901513
     ]
    ]
   },
   "properties": {
    "FID": 64,
    "OBJECTID_1": 62,
    "Road_Names": "Filigas Magu",
    "UPDEC": 1,
    "Phase": "P1",
    "Shape__Length": 246.80808720516742
   }
  },
  {
   "type": "Feature",
   "id": 65,
   "geometry": {
    "type": "LineString",
    "coordinates": [
     [
      73.5434935685788,
      4.21837122136127
     ],
     [
      73.5434453706913,
      4.21820733567684
     ],
     [
      73.5434364761186,
      4.21817879538375
     ],
     [
      73.5434191671895,
      4.21812650535489
     ],
     [
      73.5434006604982,
      4.21807211308116
     ],
     [
      73.5433807675121,
      4.21801285891135
     ],
     [
      73.5433157945811,
      4.21784134394572
     ],
     [
      73.5432875747697,
      4.21777422131435
     ],
     [
      73.5432438184936,
      4.21767094993993
     ],
     [
      73.5431691431301,
      4.21751096493155
     ],
     [
      73.5431612186658,
      4.21749406868828
     ],
     [
      73.5431531728355,
      4.21747849262802
     ],
     [
      73.5430767123153,
      4.2173304784074
     ],
     [
      73.5429600039225,
      4.217123845573
     ],
     [
      73.5429326969903,
      4.21707540756928
     ],
     [
      73.5429222784442,
      4.21705692757648
     ],
     [
      73.5428807148022,
      4.21697589477852
     ],
     [
      73.5428663001852,
      4.21694779270172
     ],
     [
      73.542828618422,
      4.21686660440415
     ],
     [
      73.5428126589237,
      4.21683173277376
     ],
     [
      73.5427702993981,
      4.21673017152313
     ],
     [
      73.542741916073,
      4.21665462961846
     ],
     [
      73.5427292966003,
      4.21662130172587
     ],
     [
      73.542728977481,
      4.21662046004307
     ],
     [
      73.5427181545046,
      4.21658891265242
     ],
     [
      73.5427038600969,
      4.21654657840364
     ],
     [
      73.5426391915283,
      4.21631816609964
     ]
    ]
   },
   "properties": {
    "FID": 65,
    "OBJECTID_1": 63,
    "Road_Names": "Kinbi Gas Magu",
    "UPDEC": 1,
    "Phase": "P1",
    "Shape__Length": 246.81660177664565
   }
  },
  {
   "type": "Feature",
   "id": 66,
   "geometry": {
    "type": "LineString",
    "coordinates": [
     [
      73.5450150056852,
      4.22148273241543
     ],
     [
      73.5448154635825,
      4.22082210582454
     ]
    ]
   },
   "properties": {
    "FID": 66,
    "OBJECTID_1": 53,
    "Road_Names": "Kuredhimaa Higun - 01 Goalhi",
    "UPDEC": 1,
    "Phase": "P1",
    "Shape__Length": 76.33148179192511
   }
  },
  {
   "type": "Feature",
   "id": 67,
   "geometry": {
    "type": "LineString",
    "coordinates": [
     [
      73.5445694743817,
      4.22161840118694
     ],
     [
      73.5443702415567,
      4.22094913643527
     ]
    ]
   },
   "properties": {
    "FID": 67,
    "OBJECTID_1": 55,
    "Road_Names": "Kuredhimaa Higun - 02 Goalhi",
    "UPDEC": 1,
    "Phase": "P1",
    "Shape__Length": 77.23618844193167
   }
  },
  {
   "type": "Feature",
   "id": 68,
   "geometry": {
    "type": "LineString",
    "coordinates": [
     [
      73.5437319039386,
      4.21937703806884
     ],
     [
      73.5434434497172,
      4.21838551972904
     ]
    ]
   },
   "properties": {
    "FID": 68,
    "OBJECTID_1": 58,
    "Road_Names": "Gulchampa Magu",
    "UPDEC": 1,
    "Phase": "P1",
    "Shape__Length": 114.21470900881371
   }
  },
  {
   "type": "Feature",
   "id": 69,
   "geometry": {
    "type": "LineString",
    "coordinates": [
     [
      73.543634359155,
      4.21904174268445
     ],
     [
      73.542742582511,
      4.21929330058009
     ]
    ]
   },
   "properties": {
    "FID": 69,
    "OBJECTID_1": 57,
    "Road_Names": "Hithigas Magu - 3 Goalhi",
    "UPDEC": 1,
    "Phase": "P1",
    "Shape__Length": 102.8307114346551
   }
  },
  {
   "type": "Feature",
   "id": 70,
   "geometry": {
    "type": "LineString",
    "coordinates": [
     [
      73.5435424229664,
      4.21872572770814
     ],
     [
      73.5426524619026,
      4.21897677804509
     ]
    ]
   },
   "properties": {
    "FID": 70,
    "OBJECTID_1": 56,
    "Road_Names": "Hithigas Magu - 4 Goalhi",
    "UPDEC": 1,
    "Phase": "P1",
    "Shape__Length": 102.62153690538555
   }
  },
  {
   "type": "Feature",
   "id": 71,
   "geometry": {
    "type": "LineString",
    "coordinates": [
     [
      73.5433352869159,
      4.21789274634295
     ],
     [
      73.5424186514051,
      4.21815579492292
     ]
    ]
   },
   "properties": {
    "FID": 71,
    "OBJECTID_1": 84,
    "Road_Names": "Hithigas Magu - 5 Goalhi",
    "UPDEC": 1,
    "Phase": "P1",
    "Shape__Length": 105.83236053973883
   }
  },
  {
   "type": "Feature",
   "id": 72,
   "geometry": {
    "type": "LineString",
    "coordinates": [
     [
      73.5431531728355,
      4.21747849262802
     ],
     [
      73.5422958795852,
      4.21772459855454
     ]
    ]
   },
   "properties": {
    "FID": 72,
    "OBJECTID_1": 82,
    "Road_Names": "Hithigas Magu - 6 Goalhi",
    "UPDEC": 1,
    "Phase": "P1",
    "Shape__Length": 98.98355434476089
   }
  },
  {
   "type": "Feature",
   "id": 73,
   "geometry": {
    "type": "LineString",
    "coordinates": [
     [
      73.5429326969903,
      4.21707540756928
     ],
     [
      73.5421731628302,
      4.21729337246763
     ]
    ]
   },
   "properties": {
    "FID": 73,
    "OBJECTID_1": 83,
    "Road_Names": "Hithigas Magu - 7 Goalhi",
    "UPDEC": 1,
    "Phase": "P1",
    "Shape__Length": 87.69394478463693
   }
  },
  {
   "type": "Feature",
   "id": 74,
   "geometry": {
    "type": "LineString",
    "coordinates": [
     [
      73.5390428156714,
      4.21734421664528
     ],
     [
      73.5381303347489,
      4.21760487468936
     ]
    ]
   },
   "properties": {
    "FID": 74,
    "OBJECTID_1": 220,
    "Road_Names": "Finifenma Higun",
    "UPDEC": 1,
    "Phase": "P1",
    "Shape__Length": 105.31661525022875
   }
  },
  {
   "type": "Feature",
   "id": 75,
   "geometry": {
    "type": "LineString",
    "coordinates": [
     [
      73.5392665390189,
      4.21957899440382
     ],
     [
      73.5398489312408,
      4.21829953518877
     ]
    ]
   },
   "properties": {
    "FID": 75,
    "OBJECTID_1": 108,
    "Road_Names": " ",
    "UPDEC": 0,
    "Phase": "P1",
    "Shape__Length": 155.54533402930895
   }
  },
  {
   "type": "Feature",
   "id": 76,
   "geometry": {
    "type": "LineString",
    "coordinates": [
     [
      73.5393694568682,
      4.21591944955918
     ],
     [
      73.5385677535238,
      4.21521268226222
     ]
    ]
   },
   "properties": {
    "FID": 76,
    "OBJECTID_1": 117,
    "Road_Names": " ",
    "UPDEC": 0,
    "Phase": "P1",
    "Shape__Length": 118.43983446824757
   }
  },
  {
   "type": "Feature",
   "id": 77,
   "geometry": {
    "type": "MultiLineString",
    "coordinates": [
     [
      [
       73.5381825422104,
       4.21385306348352
      ],
      [
       73.5378735956176,
       4.21274011227957
      ]
     ],
     [
      [
       73.5378735956176,
       4.21274011227957
      ],
      [
       73.53788904836,
       4.21273507317323
      ],
      [
       73.5379006955621,
       4.21272502653585
      ],
      [
       73.537910528654,
       4.21271251292755
      ],
      [
       73.5379108370507,
       4.21269786964108
      ],
      [
       73.5378906195474,
       4.21262789065835
      ],
      [
       73.5378841963874,
       4.21261703765609
      ],
      [
       73.5378709970658,
       4.212605883398
      ],
      [
       73.5378575444663,
       4.21260301105752
      ],
      [
       73.5378483517326,
       4.21260063239282
      ],
      [
       73.5378383821275,
       4.21260086956733
      ],
      [
       73.5378274777213,
       4.21260435987791
      ],
      [
       73.5378146546053,
       4.21261026400806
      ],
      [
       73.5378074768602,
       4.21261903392154
      ],
      [
       73.537800788632,
       4.21262952852185
      ],
      [
       73.5378036662446,
       4.21265147170253
      ],
      [
       73.5378221684495,
       4.21271671569269
      ],
      [
       73.5378280023745,
       4.21272811021955
      ],
      [
       73.5378356569428,
       4.21273413248572
      ],
      [
       73.5378415450847,
       4.21273916654687
      ],
      [
       73.5378480255392,
       4.21274104630986
      ],
      [
       73.5378571093043,
       4.21274292826043
      ],
      [
       73.5378672263151,
       4.2127419018322
      ],
      [
       73.5378735956176,
       4.21274011227957
      ]
     ]
    ]
   },
   "properties": {
    "FID": 77,
    "OBJECTID_1": 41,
    "Road_Names": " ",
    "UPDEC": 0,
    "Phase": "P1",
    "Shape__Length": 172.1107416046085
   }
  },
  {
   "type": "Feature",
   "id": 78,
   "geometry": {
    "type": "LineString",
    "coordinates": [
     [
      73.5397162509818,
      4.21340527745677
     ],
     [
      73.539336603757,
      4.21206426080519
     ]
    ]
   },
   "properties": {
    "FID": 78,
    "OBJECTID_1": 42,
    "Road_Names": "Dhun'buri Magu",
    "UPDEC": 1,
    "Phase": "P1",
    "Shape__Length": 154.15212933394002
   }
  },
  {
   "type": "Feature",
   "id": 79,
   "geometry": {
    "type": "LineString",
    "coordinates": [
     [
      73.539336603757,
      4.21206426080519
     ],
     [
      73.5400451405078,
      4.21186225696873
     ]
    ]
   },
   "properties": {
    "FID": 79,
    "OBJECTID_1": 113,
    "Road_Names": "Narugismaa Higun",
    "UPDEC": 1,
    "Phase": "P1",
    "Shape__Length": 81.76633715896024
   }
  },
  {
   "type": "Feature",
   "id": 80,
   "geometry": {
    "type": "LineString",
    "coordinates": [
     [
      73.5412772437546,
      4.20789607554514
     ],
     [
      73.5406253948425,
      4.2080823677819
     ]
    ]
   },
   "properties": {
    "FID": 80,
    "OBJECTID_1": 110,
    "Road_Names": "Bogan Villa Magu - 2 Goalhi",
    "UPDEC": 1,
    "Phase": "P1",
    "Shape__Length": 75.23838580935865
   }
  },
  {
   "type": "Feature",
   "id": 81,
   "geometry": {
    "type": "LineString",
    "coordinates": [
     [
      73.541813361639,
      4.20735732898054
     ],
     [
      73.5411762652723,
      4.2075394052401
     ]
    ]
   },
   "properties": {
    "FID": 81,
    "OBJECTID_1": 12,
    "Road_Names": "Chanbeylee Magu - 9 Goalhi",
    "UPDEC": 1,
    "Phase": "P1",
    "Shape__Length": 73.53563605518916
   }
  },
  {
   "type": "Feature",
   "id": 82,
   "geometry": {
    "type": "LineString",
    "coordinates": [
     [
      73.542043172346,
      4.20806270443251
     ],
     [
      73.5413782204824,
      4.20825274224501
     ]
    ]
   },
   "properties": {
    "FID": 82,
    "OBJECTID_1": 86,
    "Road_Names": "Chanbeylee Magu - 7 Goalhi",
    "UPDEC": 1,
    "Phase": "P1",
    "Shape__Length": 76.7507537142458
   }
  },
  {
   "type": "Feature",
   "id": 83,
   "geometry": {
    "type": "LineString",
    "coordinates": [
     [
      73.5416409786411,
      4.20817764797698
     ],
     [
      73.5414390258663,
      4.2074643109674
     ]
    ]
   },
   "properties": {
    "FID": 83,
    "OBJECTID_1": 111,
    "Road_Names": "Burevigas Magu",
    "UPDEC": 1,
    "Phase": "P1",
    "Shape__Length": 81.99937705856999
   }
  },
  {
   "type": "Feature",
   "id": 84,
   "geometry": {
    "type": "LineString",
    "coordinates": [
     [
      73.5415400026805,
      4.20782098127392
     ],
     [
      73.5412772437546,
      4.20789607554514
     ]
    ]
   },
   "properties": {
    "FID": 84,
    "OBJECTID_1": 112,
    "Road_Names": "Chanbeylee Magu - 8 Goalhi",
    "UPDEC": 1,
    "Phase": "P1",
    "Shape__Length": 30.32844156344196
   }
  },
  {
   "type": "Feature",
   "id": 85,
   "geometry": {
    "type": "LineString",
    "coordinates": [
     [
      73.5421580777787,
      4.20841539353905
     ],
     [
      73.5414791972471,
      4.20860941076945
     ]
    ]
   },
   "properties": {
    "FID": 85,
    "OBJECTID_1": 13,
    "Road_Names": "Chanbeylee Magu - 6 Goalhi",
    "UPDEC": 1,
    "Phase": "P1",
    "Shape__Length": 78.35836733551612
   }
  },
  {
   "type": "Feature",
   "id": 86,
   "geometry": {
    "type": "LineString",
    "coordinates": [
     [
      73.5423964918615,
      4.20914717534459
     ],
     [
      73.5416887273652,
      4.20934944702898
     ]
    ]
   },
   "properties": {
    "FID": 86,
    "OBJECTID_1": 14,
    "Road_Names": "Chanbeylee Magu - 5 Goalhi",
    "UPDEC": 1,
    "Phase": "P1",
    "Shape__Length": 81.69215073853157
   }
  },
  {
   "type": "Feature",
   "id": 87,
   "geometry": {
    "type": "LineString",
    "coordinates": [
     [
      73.5425114512637,
      4.20949999664217
     ],
     [
      73.5417897775335,
      4.20970643046733
     ]
    ]
   },
   "properties": {
    "FID": 87,
    "OBJECTID_1": 87,
    "Road_Names": "Chanbeylee Magu - 4 Goalhi",
    "UPDEC": 1,
    "Phase": "P1",
    "Shape__Length": 83.30321853375814
   }
  },
  {
   "type": "Feature",
   "id": 88,
   "geometry": {
    "type": "LineString",
    "coordinates": [
     [
      73.5427153611033,
      4.21012591909405
     ],
     [
      73.5419688393858,
      4.2103389562908
     ]
    ]
   },
   "properties": {
    "FID": 88,
    "OBJECTID_1": 15,
    "Road_Names": "Chanbeylee Magu - 3 Goalhi",
    "UPDEC": 1,
    "Phase": "P1",
    "Shape__Length": 86.1561005793839
   }
  },
  {
   "type": "Feature",
   "id": 89,
   "geometry": {
    "type": "LineString",
    "coordinates": [
     [
      73.542999860602,
      4.21099915375053
     ],
     [
      73.5422188495866,
      4.21122203203804
     ]
    ]
   },
   "properties": {
    "FID": 89,
    "OBJECTID_1": 16,
    "Road_Names": "Chanbeylee Magu - 2 Goalhi",
    "UPDEC": 1,
    "Phase": "P1",
    "Shape__Length": 90.13637062587122
   }
  },
  {
   "type": "Feature",
   "id": 90,
   "geometry": {
    "type": "LineString",
    "coordinates": [
     [
      73.543309271302,
      4.2119488508459
     ],
     [
      73.5424907533184,
      4.21218243458585
     ]
    ]
   },
   "properties": {
    "FID": 90,
    "OBJECTID_1": 17,
    "Road_Names": "Chanbeylee Magu - 1 Goalhi",
    "UPDEC": 1,
    "Phase": "P1",
    "Shape__Length": 94.46498728200508
   }
  },
  {
   "type": "Feature",
   "id": 91,
   "geometry": {
    "type": "LineString",
    "coordinates": [
     [
      73.5405406492498,
      4.21170094225436
     ],
     [
      73.5415603772882,
      4.21140994144713
     ]
    ]
   },
   "properties": {
    "FID": 91,
    "OBJECTID_1": 3,
    "Road_Names": "Rabarugas magu - 2 Goalhi",
    "UPDEC": 1,
    "Phase": "P1",
    "Shape__Length": 117.68667265331085
   }
  },
  {
   "type": "Feature",
   "id": 92,
   "geometry": {
    "type": "LineString",
    "coordinates": [
     [
      73.5422188495866,
      4.21122203203804
     ],
     [
      73.5415603772882,
      4.21140994144713
     ]
    ]
   },
   "properties": {
    "FID": 92,
    "OBJECTID_1": 11,
    "Road_Names": "Bogan Villa Magu - 1 Goalhi",
    "UPDEC": 1,
    "Phase": "P1",
    "Shape__Length": 75.99420598218808
   }
  },
  {
   "type": "Feature",
   "id": 93,
   "geometry": {
    "type": "LineString",
    "coordinates": [
     [
      73.5418307443364,
      4.21237078151767
     ],
     [
      73.5406766050012,
      4.21270013816122
     ]
    ]
   },
   "properties": {
    "FID": 93,
    "OBJECTID_1": 2,
    "Road_Names": "Rabarugas Magu - 1 Goalhi",
    "UPDEC": 1,
    "Phase": "P1",
    "Shape__Length": 133.1988580316593
   }
  },
  {
   "type": "Feature",
   "id": 94,
   "geometry": {
    "type": "LineString",
    "coordinates": [
     [
      73.5413123101724,
      4.21052631136676
     ],
     [
      73.5402925500743,
      4.21081732030049
     ]
    ]
   },
   "properties": {
    "FID": 94,
    "OBJECTID_1": 4,
    "Road_Names": "Rabarugas magu - 3 Goalhi",
    "UPDEC": 1,
    "Phase": "P1",
    "Shape__Length": 117.69047746360519
   }
  },
  {
   "type": "Feature",
   "id": 95,
   "geometry": {
    "type": "LineString",
    "coordinates": [
     [
      73.5411341979003,
      4.20989257817609
     ],
     [
      73.5401147245396,
      4.21018392954151
     ]
    ]
   },
   "properties": {
    "FID": 95,
    "OBJECTID_1": 91,
    "Road_Names": "Rabarugas Magu - 4 Goalhi",
    "UPDEC": 1,
    "Phase": "P1",
    "Shape__Length": 117.67031682780008
   }
  },
  {
   "type": "Feature",
   "id": 96,
   "geometry": {
    "type": "LineString",
    "coordinates": [
     [
      73.5410339330742,
      4.20953585668779
     ],
     [
      73.540014558471,
      4.20982718022157
     ]
    ]
   },
   "properties": {
    "FID": 96,
    "OBJECTID_1": 5,
    "Road_Names": "Rabarugas magu - 5 Goalhi",
    "UPDEC": 1,
    "Phase": "P1",
    "Shape__Length": 117.65898459773075
   }
  },
  {
   "type": "Feature",
   "id": 97,
   "geometry": {
    "type": "LineString",
    "coordinates": [
     [
      73.540826002067,
      4.20879608663113
     ],
     [
      73.5398068340278,
      4.2090873527113
     ]
    ]
   },
   "properties": {
    "FID": 97,
    "OBJECTID_1": 7,
    "Road_Names": "Rabarugas magu - 6 Goalhi",
    "UPDEC": 1,
    "Phase": "P1",
    "Shape__Length": 117.63530374387206
   }
  },
  {
   "type": "Feature",
   "id": 98,
   "geometry": {
    "type": "LineString",
    "coordinates": [
     [
      73.540725697987,
      4.2084392258412
     ],
     [
      73.5397066287034,
      4.20873046499421
     ]
    ]
   },
   "properties": {
    "FID": 98,
    "OBJECTID_1": 92,
    "Road_Names": "Rabarugas Magu - 7 Goalhi",
    "UPDEC": 1,
    "Phase": "P1",
    "Shape__Length": 117.62399907190274
   }
  },
  {
   "type": "Feature",
   "id": 99,
   "geometry": {
    "type": "LineString",
    "coordinates": [
     [
      73.5406253948425,
      4.2080823677819
     ],
     [
      73.5396064243177,
      4.20837357819896
     ]
    ]
   },
   "properties": {
    "FID": 99,
    "OBJECTID_1": 93,
    "Road_Names": "Rabarugas Magu - 8 Goalhi",
    "UPDEC": 1,
    "Phase": "P1",
    "Shape__Length": 117.6126392843141
   }
  },
  {
   "type": "Feature",
   "id": 100,
   "geometry": {
    "type": "LineString",
    "coordinates": [
     [
      73.5405250899444,
      4.20772550521306
     ],
     [
      73.5395062181783,
      4.2080166868942
     ]
    ]
   },
   "properties": {
    "FID": 100,
    "OBJECTID_1": 8,
    "Road_Names": "Rabarugas Magu - 9 Goalhi",
    "UPDEC": 1,
    "Phase": "P1",
    "Shape__Length": 117.60127949676993
   }
  },
  {
   "type": "Feature",
   "id": 101,
   "geometry": {
    "type": "LineString",
    "coordinates": [
     [
      73.5383971089977,
      4.20604087532118
     ],
     [
      73.5369071622472,
      4.20646604934487
     ],
     [
      73.5368075264868,
      4.20649448130818
     ],
     [
      73.5358803108017,
      4.20675907531501
     ]
    ]
   },
   "properties": {
    "FID": 101,
    "OBJECTID_1": 88,
    "Road_Names": "Gulzaaru Maa Higun",
    "UPDEC": 1,
    "Phase": "P1",
    "Shape__Length": 290.46496481327483
   }
  },
  {
   "type": "Feature",
   "id": 102,
   "geometry": {
    "type": "MultiLineString",
    "coordinates": [
     [
      [
       73.5364802063917,
       4.20934546772969
      ],
      [
       73.5359191680533,
       4.20736358646017
      ],
      [
       73.5358841603383,
       4.20724213264755
      ],
      [
       73.5358680636548,
       4.2071574606406
      ],
      [
       73.5358585049855,
       4.20707179526289
      ],
      [
       73.5358555410277,
       4.20698564579131
      ],
      [
       73.5358590323643,
       4.20690324178691
      ],
      [
       73.5358694303564,
       4.20681393673478
      ],
      [
       73.5358803108017,
       4.20675907531501
      ]
     ],
     [
      [
       73.5364802063917,
       4.20934546772969
      ],
      [
       73.5360039063244,
       4.20948161910454
      ]
     ],
     [
      [
       73.5360039063244,
       4.20948161910454
      ],
      [
       73.5360035269449,
       4.20948073208944
      ]
     ],
     [
      [
       73.5360039063244,
       4.20948161910454
      ],
      [
       73.5359125564068,
       4.20950773128175
      ],
      [
       73.5359145027511,
       4.20951559227331
      ],
      [
       73.5359177371571,
       4.20952301254081
      ],
      [
       73.5359221681378,
       4.20952978118942
      ],
      [
       73.5359276699403,
       4.20953570625198
      ],
      [
       73.5359340843412,
       4.20954061830981
      ],
      [
       73.535941230541,
       4.20954437774655
      ],
      [
       73.5359489042593,
       4.20954687745955
      ],
      [
       73.5359568876342,
       4.20954804740058
      ],
      [
       73.535964952829,
       4.20954785277368
      ],
      [
       73.5359728710304,
       4.20954629947857
      ],
      [
       73.5359804169556,
       4.20954343231036
      ],
      [
       73.5359873742619,
       4.2095393322565
      ],
      [
       73.5359935472576,
       4.20953411651889
      ],
      [
       73.5359987582092,
       4.20952793308247
      ],
      [
       73.5360028608569,
       4.20952095893191
      ],
      [
       73.5360057368283,
       4.20951339100092
      ],
      [
       73.5360073046484,
       4.20950544528488
      ],
      [
       73.5360075197557,
       4.20949734779695
      ],
      [
       73.5360063763128,
       4.20948933004959
      ],
      [
       73.5360039063244,
       4.20948161910454
      ]
     ],
     [
      [
       73.5372754075521,
       4.21215452742876
      ],
      [
       73.5364802063917,
       4.20934546772969
      ]
     ]
    ]
   },
   "properties": {
    "FID": 102,
    "OBJECTID_1": 89,
    "Road_Names": "MIdhili Magu",
    "UPDEC": 1,
    "Phase": "P1",
    "Shape__Length": 702.0866009163456
   }
  },
  {
   "type": "Feature",
   "id": 103,
   "geometry": {
    "type": "LineString",
    "coordinates": [
     [
      73.5415152326467,
      4.21540145539685
     ],
     [
      73.5413422680756,
      4.21567155213269
     ]
    ]
   },
   "properties": {
    "FID": 103,
    "OBJECTID_1": 99,
    "Road_Names": "Mirihi Magu -1 Goalhi",
    "UPDEC": 1,
    "Phase": "P1",
    "Shape__Length": 35.50504871043785
   }
  },
  {
   "type": "Feature",
   "id": 104,
   "geometry": {
    "type": "LineString",
    "coordinates": [
     [
      73.5421942893799,
      4.21360419639251
     ],
     [
      73.5407243128237,
      4.21402291193307
     ]
    ]
   },
   "properties": {
    "FID": 104,
    "OBJECTID_1": 28,
    "Road_Names": "Irudheymaa Higun- 3 Goalhi",
    "UPDEC": 1,
    "Phase": "P1",
    "Shape__Length": 169.62595607460923
   }
  },
  {
   "type": "Feature",
   "id": 105,
   "geometry": {
    "type": "LineString",
    "coordinates": [
     [
      73.5419631386579,
      4.2140616499586
     ],
     [
      73.5414532100279,
      4.2142045626635
     ],
     [
      73.5407543117548,
      4.21440051049299
     ]
    ]
   },
   "properties": {
    "FID": 105,
    "OBJECTID_1": 103,
    "Road_Names": "Irudheymaa Higun- 2 Goalhi",
    "UPDEC": 1,
    "Phase": "P1",
    "Shape__Length": 139.32707894614998
   }
  },
  {
   "type": "Feature",
   "id": 106,
   "geometry": {
    "type": "LineString",
    "coordinates": [
     [
      73.541669314217,
      4.21453403740428
     ],
     [
      73.5413947986095,
      4.21461133545164
     ],
     [
      73.5407847093655,
      4.21478312374661
     ]
    ]
   },
   "properties": {
    "FID": 106,
    "OBJECTID_1": 102,
    "Road_Names": "Irudheymaa Higun- 1 Goalhi",
    "UPDEC": 1,
    "Phase": "P1",
    "Shape__Length": 101.99096317994884
   }
  },
  {
   "type": "Feature",
   "id": 107,
   "geometry": {
    "type": "LineString",
    "coordinates": [
     [
      73.5425562297193,
      4.21863878736768
     ],
     [
      73.5434434497172,
      4.21838551972904
     ],
     [
      73.5442218025304,
      4.21816346965032
     ],
     [
      73.5451873014697,
      4.21788989371342
     ]
    ]
   },
   "properties": {
    "FID": 107,
    "OBJECTID_1": 52,
    "Road_Names": "Reethi Gas Hingun",
    "UPDEC": 1,
    "Phase": "P1",
    "Shape__Length": 303.5904497087218
   }
  },
  {
   "type": "Feature",
   "id": 108,
   "geometry": {
    "type": "MultiLineString",
    "coordinates": [
     [
      [
       73.5372931823972,
       4.20821001747947
      ],
      [
       73.5368075264868,
       4.20649448130818
      ],
      [
       73.536907223533,
       4.20646603227675
      ],
      [
       73.5366596080531,
       4.20559090688335
      ],
      [
       73.5366438794527,
       4.20553531979921
      ]
     ],
     [
      [
       73.5381095128031,
       4.2119165005173
      ],
      [
       73.5376181985497,
       4.21018111697842
      ],
      [
       73.5370775729354,
       4.20827155523298
      ]
     ]
    ]
   },
   "properties": {
    "FID": 108,
    "OBJECTID_1": 66,
    "Road_Names": "Onu Gas Magu",
    "UPDEC": 1,
    "Phase": "P1",
    "Shape__Length": 734.6866353213169
   }
  },
  {
   "type": "Feature",
   "id": 109,
   "geometry": {
    "type": "LineString",
    "coordinates": [
     [
      73.5408115000946,
      4.21512034521575
     ],
     [
      73.5409179749571,
      4.21514319671318
     ],
     [
      73.5410552621108,
      4.21518282557189
     ],
     [
      73.5411262704697,
      4.21520666038323
     ],
     [
      73.5412261512979,
      4.21524651646036
     ],
     [
      73.5413261916371,
      4.21529310782269
     ],
     [
      73.5414031443433,
      4.21533438771852
     ],
     [
      73.5414531854377,
      4.21536361939867
     ],
     [
      73.5415152326467,
      4.21540145539685
     ],
     [
      73.5415424533628,
      4.21535786880178
     ],
     [
      73.5415581928796,
      4.21534882462602
     ],
     [
      73.5415752494534,
      4.21534263718062
     ],
     [
      73.5415931119824,
      4.21533949180969
     ],
     [
      73.5416112470164,
      4.21533948156756
     ],
     [
      73.5416232856874,
      4.21534221645315
     ],
     [
      73.5416360482984,
      4.2153451163934
     ],
     [
      73.5416534759688,
      4.21535296307006
     ],
     [
      73.5416676951237,
      4.21536217748748
     ],
     [
      73.5417152935547,
      4.21539897883581
     ],
     [
      73.5417883279766,
      4.21546046266176
     ],
     [
      73.5418238956001,
      4.21549273120969
     ],
     [
      73.5418589476167,
      4.21552615369505
     ],
     [
      73.5418901395011,
      4.21555725730607
     ],
     [
      73.5419173052767,
      4.21558568087929
     ],
     [
      73.54194957752,
      4.21562098017812
     ],
     [
      73.5419809954671,
      4.21565694259885
     ],
     [
      73.5420123429923,
      4.21569492529559
     ],
     [
      73.542044468925,
      4.2157357501452
     ],
     [
      73.5420689546164,
      4.21576863004154
     ],
     [
      73.5421008639192,
      4.21581307566397
     ],
     [
      73.5421408566877,
      4.2158741564571
     ],
     [
      73.5421759825138,
      4.21593179504137
     ],
     [
      73.5421980088978,
      4.21597053800462
     ],
     [
      73.5422303481182,
      4.21603130145108
     ],
     [
      73.5422548502945,
      4.21608096325177
     ],
     [
      73.5422756120581,
      4.21612641713222
     ],
     [
      73.5423084298991,
      4.21620491477147
     ],
     [
      73.5423281170246,
      4.21625760899487
     ],
     [
      73.5423489823763,
      4.21631902104508
     ],
     [
      73.5423719484493,
      4.21639443158372
     ]
    ]
   },
   "properties": {
    "FID": 109,
    "OBJECTID_1": 100,
    "Road_Names": "Mirihi Magu",
    "UPDEC": 1,
    "Phase": "P1",
    "Shape__Length": 246.02318566290234
   }
  },
  {
   "type": "Feature",
   "id": 110,
   "geometry": {
    "type": "LineString",
    "coordinates": [
     [
      73.5387055675549,
      4.21963424022603
     ],
     [
      73.5381818710781,
      4.21978321802559
     ],
     [
      73.5381677077191,
      4.21978607361194
     ],
     [
      73.5381532747456,
      4.21978666681288
     ],
     [
      73.5381389262084,
      4.21978498020818
     ],
     [
      73.5381250196479,
      4.21978105697823
     ],
     [
      73.5381118962889,
      4.21977499453602
     ],
     [
      73.5380998819455,
      4.21976694181567
     ],
     [
      73.5380892735135,
      4.21975709743818
     ],
     [
      73.5380803326705,
      4.21974570608199
     ],
     [
      73.5380732813912,
      4.21973304852621
     ],
     [
      73.5380688277699,
      4.21972294624472
     ],
     [
      73.5380619642927,
      4.21969849852457
     ],
     [
      73.5378405255635,
      4.21890730690918
     ],
     [
      73.5378378176474,
      4.2188909784895
     ],
     [
      73.5378376254882,
      4.21887572018284
     ],
     [
      73.5378400696226,
      4.21886066038549
     ],
     [
      73.537845075337,
      4.21884625205534
     ],
     [
      73.5378524931782,
      4.21883293353914
     ],
     [
      73.5378620962913,
      4.21882110686219
     ],
     [
      73.5378735966499,
      4.21881112961938
     ],
     [
      73.5378866441752,
      4.21880330412094
     ],
     [
      73.5379017617112,
      4.21879742967376
     ],
     [
      73.5384259621685,
      4.21864782786642
     ]
    ]
   },
   "properties": {
    "FID": 110,
    "OBJECTID_1": 85,
    "Road_Names": "Javaahiru Maa Higun",
    "UPDEC": 1,
    "Phase": "P1",
    "Shape__Length": 245.6980272626525
   }
  },
  {
   "type": "Feature",
   "id": 111,
   "geometry": {
    "type": "LineString",
    "coordinates": [
     [
      73.5382341329607,
      4.21797106747283
     ],
     [
      73.5377535487296,
      4.21810839123491
     ],
     [
      73.5376843793302,
      4.21812815378114
     ],
     [
      73.5376782817702,
      4.21810647765245
     ],
     [
      73.5376673595783,
      4.21806741369344
     ],
     [
      73.5374741067967,
      4.21737769623185
     ],
     [
      73.538021601183,
      4.2172212703703
     ]
    ]
   },
   "properties": {
    "FID": 111,
    "OBJECTID_1": 67,
    "Road_Names": "Fashui Maa Higun",
    "UPDEC": 1,
    "Phase": "P1",
    "Shape__Length": 212.84469412564812
   }
  },
  {
   "type": "Feature",
   "id": 112,
   "geometry": {
    "type": "LineString",
    "coordinates": [
     [
      73.5370092491903,
      4.21573264679869
     ],
     [
      73.5370120588888,
      4.21573067148378
     ],
     [
      73.5370411436811,
      4.21572219792177
     ],
     [
      73.5370610581797,
      4.21571667256395
     ],
     [
      73.5375551086483,
      4.21557551600568
     ],
     [
      73.537014433776,
      4.21572999314691
     ],
     [
      73.5369554800895,
      4.21574715493804
     ]
    ]
   },
   "properties": {
    "FID": 112,
    "OBJECTID_1": 105,
    "Road_Names": " ",
    "UPDEC": 0,
    "Phase": "P1",
    "Shape__Length": 132.27830217854614
   }
  },
  {
   "type": "Feature",
   "id": 113,
   "geometry": {
    "type": "MultiLineString",
    "coordinates": [
     [
      [
       73.5420526554418,
       4.21364464886813
      ],
      [
       73.5420707326895,
       4.21365049532712
      ],
      [
       73.5420838840764,
       4.21365745217322
      ],
      [
       73.5421025612446,
       4.21367104495978
      ],
      [
       73.5421153597499,
       4.21368513135918
      ],
      [
       73.5421255493972,
       4.21370122241663
      ],
      [
       73.5421328248122,
       4.21371883551866
      ],
      [
       73.5421369680805,
       4.21373744390077
      ],
      [
       73.5421378541272,
       4.21375649022345
      ],
      [
       73.5421354587894,
       4.21377540557952
      ],
      [
       73.5421298515838,
       4.21379362304643
      ]
     ],
     [
      [
       73.5421298515838,
       4.21379362304643
      ],
      [
       73.5422109731676,
       4.21366320212776
      ]
     ],
     [
      [
       73.5417629475216,
       4.21411775591199
      ],
      [
       73.5417734176952,
       4.21412058823053
      ],
      [
       73.5417789413437,
       4.2141220827093
      ],
      [
       73.5417887518055,
       4.21412653897851
      ],
      [
       73.5417940323545,
       4.21412893739116
      ],
      [
       73.5418078281349,
       4.21413814196015
      ],
      [
       73.5418199670081,
       4.21414945697798
      ],
      [
       73.5418262673872,
       4.21415759295071
      ],
      [
       73.5418301342461,
       4.21416258521358
      ],
      [
       73.5418380629446,
       4.2141771861149
      ],
      [
       73.5418435475295,
       4.21419287854747
      ],
      [
       73.5418464446374,
       4.21420925164878
      ],
      [
       73.5418466784919,
       4.21422588021286
      ],
      [
       73.5418442426971,
       4.21424232921586
      ],
      [
       73.5418392170479,
       4.21425783369308
      ],
      [
       73.54183168601,
       4.21427298979647
      ]
     ],
     [
      [
       73.54183168601,
       4.21427298979647
      ],
      [
       73.5421298515838,
       4.21379362304643
      ]
     ],
     [
      [
       73.5413949232522,
       4.21461115752091
      ],
      [
       73.5414172129814,
       4.21461635442361
      ],
      [
       73.5414382997666,
       4.21462513316486
      ],
      [
       73.5414577480736,
       4.2146372496456
      ],
      [
       73.5414749305493,
       4.21465243137026
      ],
      [
       73.5414893741528,
       4.21467025871755
      ],
      [
       73.5415006789425,
       4.21469023985225
      ],
      [
       73.5415052245445,
       4.21470272988417
      ],
      [
       73.5415085342657,
       4.21471182432143
      ],
      [
       73.5415127241396,
       4.21473441572607
      ],
      [
       73.5415131308162,
       4.2147573925287
      ],
      [
       73.5415104169726,
       4.21477560727953
      ],
      [
       73.541502658747,
       4.21480197105918
      ]
     ],
     [
      [
       73.541502658747,
       4.21480197105918
      ],
      [
       73.541669314217,
       4.21453403740428
      ],
      [
       73.54183168601,
       4.21427298979647
      ]
     ],
     [
      [
       73.5412261512979,
       4.21524651646036
      ],
      [
       73.541502658747,
       4.21480197105918
      ]
     ]
    ]
   },
   "properties": {
    "FID": 113,
    "OBJECTID_1": 101,
    "Road_Names": "Irudheymaa Higun",
    "UPDEC": 1,
    "Phase": "P1",
    "Shape__Length": 277.4808801325868
   }
  },
  {
   "type": "Feature",
   "id": 114,
   "geometry": {
    "type": "MultiLineString",
    "coordinates": [
     [
      [
       73.5416330833443,
       4.22563098637371
      ],
      [
       73.5438371395328,
       4.22500848347925
      ],
      [
       73.5440258290362,
       4.22518633948105
      ]
     ],
     [
      [
       73.5404925785701,
       4.22594750742407
      ],
      [
       73.5406054303248,
       4.22591567489459
      ],
      [
       73.5406055853477,
       4.22591563087168
      ],
      [
       73.5406070841963,
       4.22591520863352
      ],
      [
       73.5406520469813,
       4.2259025261075
      ],
      [
       73.5415038170692,
       4.22566226361842
      ],
      [
       73.5416317420004,
       4.22562617972656
      ]
     ]
    ]
   },
   "properties": {
    "FID": 114,
    "OBJECTID_1": 148,
    "Road_Names": "Funa Maa Hingun",
    "UPDEC": 1,
    "Phase": " ",
    "Shape__Length": 414.25787957322206
   }
  },
  {
   "type": "Feature",
   "id": 115,
   "geometry": {
    "type": "MultiLineString",
    "coordinates": [
     [
      [
       73.5454618966566,
       4.2223841184454
      ],
      [
       73.545936958751,
       4.22408610170233
      ],
      [
       73.5459951148345,
       4.22429446430876
      ],
      [
       73.546025496652,
       4.22438978456742
      ],
      [
       73.5460541795518,
       4.2244797729603
      ],
      [
       73.546121115095,
       4.22468616872547
      ],
      [
       73.5461712686222,
       4.22484117980344
      ],
      [
       73.5462077534501,
       4.22495297598263
      ],
      [
       73.5462575879943,
       4.22510756321153
      ],
      [
       73.5462738518813,
       4.2251580787168
      ],
      [
       73.5463095888533,
       4.22525111369113
      ],
      [
       73.5463490202216,
       4.22534262627437
      ],
      [
       73.5464260276386,
       4.22550224590989
      ]
     ],
     [
      [
       73.5464188867181,
       4.22550424930001
      ],
      [
       73.5465507746606,
       4.22571375241193
      ],
      [
       73.546611396055,
       4.22581299843835
      ],
      [
       73.5466679549105,
       4.22591361784674
      ],
      [
       73.5467190773344,
       4.22601713738608
      ],
      [
       73.5467646170456,
       4.22612325923728
      ],
      [
       73.5468044430828,
       4.22623168199223
      ],
      [
       73.5468384416174,
       4.22634209523088
      ],
      [
       73.5468665159461,
       4.22645418313881
      ],
      [
       73.5468885855886,
       4.22656762540988
      ],
      [
       73.5469045880896,
       4.22668209724969
      ],
      [
       73.5469144772098,
       4.22679727298966
      ],
      [
       73.5469182247351,
       4.22691282247296
      ],
      [
       73.546918395224,
       4.22710472670201
      ],
      [
       73.546925704342,
       4.22725523039867
      ]
     ],
     [
      [
       73.5469316871462,
       4.2272535377547
      ],
      [
       73.5469477581541,
       4.22740957378936
      ],
      [
       73.5469707842604,
       4.22756471848998
      ],
      [
       73.5470977041403,
       4.2281739157815
      ],
      [
       73.5471634732941,
       4.2284804817608
      ],
      [
       73.5478258034386,
       4.23085347924455
      ]
     ]
    ]
   },
   "properties": {
    "FID": 115,
    "OBJECTID_1": 167,
    "Road_Names": "Dhunburigas Magu",
    "UPDEC": 1,
    "Phase": " ",
    "Shape__Length": 978.0315489256967
   }
  },
  {
   "type": "Feature",
   "id": 116,
   "geometry": {
    "type": "LineString",
    "coordinates": [
     [
      73.5480548765248,
      4.23423747464257
     ],
     [
      73.5475368750531,
      4.2323815751794
     ]
    ]
   },
   "properties": {
    "FID": 116,
    "OBJECTID_1": 161,
    "Road_Names": "Berebedhimaa Hingun 01 Goalhi",
    "UPDEC": 1,
    "Phase": " ",
    "Shape__Length": 213.11422054370925
   }
  },
  {
   "type": "Feature",
   "id": 117,
   "geometry": {
    "type": "LineString",
    "coordinates": [
     [
      73.5487050724722,
      4.23405358667125
     ],
     [
      73.5481870692742,
      4.23219768714321
     ]
    ]
   },
   "properties": {
    "FID": 117,
    "OBJECTID_1": 160,
    "Road_Names": "Berebedhimaa Hingun 02 Goalhi",
    "UPDEC": 1,
    "Phase": " ",
    "Shape__Length": 213.1142205434563
   }
  },
  {
   "type": "Feature",
   "id": 118,
   "geometry": {
    "type": "LineString",
    "coordinates": [
     [
      73.5465005472374,
      4.23267466823972
     ],
     [
      73.5491239234203,
      4.23193272579963
     ]
    ]
   },
   "properties": {
    "FID": 118,
    "OBJECTID_1": 162,
    "Road_Names": "Ruvaa Maa Hingun",
    "UPDEC": 1,
    "Phase": " ",
    "Shape__Length": 302.55363744445805
   }
  },
  {
   "type": "Feature",
   "id": 119,
   "geometry": {
    "type": "LineString",
    "coordinates": [
     [
      73.5465080737982,
      4.23270163236891
     ],
     [
      73.5422516237287,
      4.2373169060472
     ],
     [
      73.5415763111105,
      4.23804913912065
     ],
     [
      73.5415152103861,
      4.23809769344629
     ]
    ]
   },
   "properties": {
    "FID": 119,
    "OBJECTID_1": 129,
    "Road_Names": "Feyrumaa Higun",
    "UPDEC": 1,
    "Phase": " ",
    "Shape__Length": 814.4665615255665
   }
  },
  {
   "type": "Feature",
   "id": 120,
   "geometry": {
    "type": "LineString",
    "coordinates": [
     [
      73.5465256122336,
      4.22262350731077
     ],
     [
      73.545601655399,
      4.22288482510114
     ]
    ]
   },
   "properties": {
    "FID": 120,
    "OBJECTID_1": 142,
    "Road_Names": "Dhunburigas Magu 1 Goalhi",
    "UPDEC": 1,
    "Phase": " ",
    "Shape__Length": 106.5612505465173
   }
  },
  {
   "type": "Feature",
   "id": 121,
   "geometry": {
    "type": "LineString",
    "coordinates": [
     [
      73.5469432514018,
      4.22411982911629
     ],
     [
      73.5474122441102,
      4.22398718511301
     ]
    ]
   },
   "properties": {
    "FID": 121,
    "OBJECTID_1": 140,
    "Road_Names": "Nikagas Magu 03 Goalhi",
    "UPDEC": 1,
    "Phase": " ",
    "Shape__Length": 54.08952218812008
   }
  },
  {
   "type": "Feature",
   "id": 122,
   "geometry": {
    "type": "MultiLineString",
    "coordinates": [
     [
      [
       73.5497688479186,
       4.23681905673921
      ],
      [
       73.5478463580804,
       4.23736241819229
      ]
     ],
     [
      [
       73.5478540162216,
       4.23738985558153
      ],
      [
       73.5477703595437,
       4.23741345122273
      ],
      [
       73.5466407242438,
       4.23773206135337
      ],
      [
       73.5466405755275,
       4.23773210357989
      ],
      [
       73.5466405079298,
       4.23773212244489
      ],
      [
       73.5466401564168,
       4.23773222307516
      ],
      [
       73.5466362041554,
       4.23773335155238
      ],
      [
       73.5464557016277,
       4.23778488589322
      ],
      [
       73.5463415461822,
       4.23781288530049
      ],
      [
       73.5462563020069,
       4.23782934843652
      ],
      [
       73.5461708755161,
       4.237842139388
      ],
      [
       73.54615221945,
       4.23784444844399
      ],
      [
       73.5460322065707,
       4.23785520268093
      ],
      [
       73.5459124690332,
       4.23785889411761
      ],
      [
       73.545792725623,
       4.23785560723846
      ],
      [
       73.5456738338421,
       4.23784539249688
      ],
      [
       73.5456583420524,
       4.23784355182112
      ],
      [
       73.5456501598535,
       4.23784206948636
      ],
      [
       73.5456457257609,
       4.2378407262525
      ],
      [
       73.5455219961888,
       4.23782201194908
      ],
      [
       73.5455181912984,
       4.23782140788332
      ],
      [
       73.545501899454,
       4.2378181837874
      ],
      [
       73.5454911926462,
       4.23781599217445
      ],
      [
       73.5454254045126,
       4.23780121348335
      ],
      [
       73.545416842402,
       4.23779912177526
      ],
      [
       73.5454167100392,
       4.23779908987221
      ],
      [
       73.5454154548437,
       4.23779878724965
      ],
      [
       73.5453132103422,
       4.23777130009643
      ],
      [
       73.5452120713232,
       4.23773843207737
      ],
      [
       73.545112863384,
       4.23770043345674
      ],
      [
       73.5450411496921,
       4.23766922254038
      ],
      [
       73.5449708200757,
       4.23763539420578
      ],
      [
       73.5449126338208,
       4.23760486807278
      ],
      [
       73.5448723583016,
       4.23758232981023
      ],
      [
       73.5448011671956,
       4.23753951471494
      ],
      [
       73.5447315203072,
       4.23749371170424
      ],
      [
       73.5446440628629,
       4.23743019698848
      ],
      [
       73.5446221846374,
       4.23741318304561
      ],
      [
       73.544593271698,
       4.23738996890399
      ],
      [
       73.5445417516742,
       4.23734641761553
      ],
      [
       73.5444916823934,
       4.23730120859787
      ],
      [
       73.5444667222812,
       4.23727752981239
      ],
      [
       73.544466507367,
       4.23727732411052
      ],
      [
       73.5440928839359,
       4.23692275874535
      ],
      [
       73.5440349740904,
       4.23686780187985
      ],
      [
       73.5440287561705,
       4.23686078203224
      ],
      [
       73.5439750970586,
       4.2368112821341
      ],
      [
       73.5439182495963,
       4.23675761692969
      ],
      [
       73.5439050566802,
       4.2367452263199
      ],
      [
       73.5434132303441,
       4.23628331920517
      ],
      [
       73.5433015731542,
       4.23617845435807
      ]
     ]
    ]
   },
   "properties": {
    "FID": 122,
    "OBJECTID_1": 136,
    "Road_Names": "Matharesmaa Higun",
    "UPDEC": 1,
    "Phase": " ",
    "Shape__Length": 798.6414018182792
   }
  },
  {
   "type": "Feature",
   "id": 123,
   "geometry": {
    "type": "LineString",
    "coordinates": [
     [
      73.5463810645598,
      4.22210560910075
     ],
     [
      73.5432564353785,
      4.2230459872707
     ],
     [
      73.5410959651606,
      4.22370649254595
     ],
     [
      73.5399629208544,
      4.22404978414345
     ]
    ]
   },
   "properties": {
    "FID": 123,
    "OBJECTID_1": 153,
    "Road_Names": "Enbooma Higun",
    "UPDEC": 1,
    "Phase": " ",
    "Shape__Length": 744.2088908682093
   }
  },
  {
   "type": "Feature",
   "id": 124,
   "geometry": {
    "type": "MultiLineString",
    "coordinates": [
     [
      [
       73.5502233863954,
       4.23845726824546
      ],
      [
       73.5502411907861,
       4.23861377258828
      ],
      [
       73.5502477123262,
       4.2386710980529
      ],
      [
       73.5502470967392,
       4.23872880171659
      ],
      [
       73.5502393546951,
       4.23878599096258
      ],
      [
       73.5502246040494,
       4.23884178061033
      ],
      [
       73.5502030752222,
       4.23889530739608
      ],
      [
       73.5501751003652,
       4.23894574170959
      ],
      [
       73.5501411124314,
       4.23899230387161
      ],
      [
       73.5501016379514,
       4.23903427316428
      ],
      [
       73.5500572871023,
       4.23907099956968
      ],
      [
       73.5500172188355,
       4.23909418620438
      ],
      [
       73.5499741454203,
       4.23911106628305
      ],
      [
       73.5499290440804,
       4.2391212554654
      ],
      [
       73.5498829394978,
       4.23912452324737
      ],
      [
       73.5498368776824,
       4.23912079562533
      ],
      [
       73.5497270108733,
       4.239103843467
      ],
      [
       73.5496162970102,
       4.23909380559727
      ],
      [
       73.5495051675152,
       4.23909072261876
      ],
      [
       73.5494384166875,
       4.23909205416056
      ],
      [
       73.5493718857169,
       4.23909770639517
      ],
      [
       73.5493310842854,
       4.23910391615212
      ],
      [
       73.5492906268907,
       4.23911210265196
      ],
      [
       73.5491411204014,
       4.23914213509686
      ],
      [
       73.5489656270212,
       4.2391820823539
      ],
      [
       73.5488637374975,
       4.23920841936425
      ],
      [
       73.5487628637881,
       4.2392363798449
      ],
      [
       73.5480787885521,
       4.23943785999185
      ],
      [
       73.5480169925753,
       4.23945836660559
      ],
      [
       73.5478856542083,
       4.23950523565202
      ],
      [
       73.5477411127275,
       4.23956055127096
      ],
      [
       73.5475804938893,
       4.23962606708652
      ],
      [
       73.5472881614576,
       4.23974928659429
      ],
      [
       73.5472375377113,
       4.23976926247983
      ],
      [
       73.5470733867014,
       4.23981786480539
      ],
      [
       73.5469078013731,
       4.23986125780345
      ],
      [
       73.5467409448637,
       4.23989939746612
      ],
      [
       73.5465729839019,
       4.23993224612326
      ],
      [
       73.5464040834046,
       4.23995977152777
      ],
      [
       73.546234410983,
       4.23998194595984
      ],
      [
       73.5460641342361,
       4.23999874803046
      ],
      [
       73.5459065053903,
       4.24001353539333
      ],
      [
       73.5457484356974,
       4.2400222425711
      ],
      [
       73.5455901566973,
       4.24002485824405
      ],
      [
       73.545431901721,
       4.24002137652237
      ],
      [
       73.545273904076,
       4.24001180417785
      ],
      [
       73.5451163943536,
       4.23999615521254
      ],
      [
       73.5449596049329,
       4.23997445086708
      ],
      [
       73.5448289358407,
       4.23994183542764
      ],
      [
       73.5446997353792,
       4.23990378915719
      ],
      [
       73.5445722277337,
       4.23986037850066
      ],
      [
       73.5444466334694,
       4.23981167894009
      ],
      [
       73.5443231686335,
       4.23975777318424
      ],
      [
       73.5442540566397,
       4.23972645942654
      ],
      [
       73.5441870019521,
       4.23969092423068
      ],
      [
       73.5440637375206,
       4.23962334352917
      ],
      [
       73.5439435161739,
       4.23955044712028
      ],
      [
       73.5438265646649,
       4.23947237290123
      ],
      [
       73.5437131034232,
       4.23938926780109
      ],
      [
       73.5436049062593,
       4.23930253878308
      ]
     ],
     [
      [
       73.5436049062593,
       4.23930253878308
      ],
      [
       73.5436033456544,
       4.23930128777926
      ]
     ],
     [
      [
       73.5436049062593,
       4.23930253878308
      ],
      [
       73.5439699663404,
       4.23891419654444
      ]
     ],
     [
      [
       73.5432986676475,
       4.23962830662271
      ],
      [
       73.5436049062593,
       4.23930253878308
      ]
     ]
    ]
   },
   "properties": {
    "FID": 124,
    "OBJECTID_1": 157,
    "Road_Names": "Ethumaa Higun",
    "UPDEC": 1,
    "Phase": " ",
    "Shape__Length": 935.2692724283866
   }
  },
  {
   "type": "Feature",
   "id": 125,
   "geometry": {
    "type": "LineString",
    "coordinates": [
     [
      73.5457359288048,
      4.22336588352487
     ],
     [
      73.546659784221,
      4.22310422189852
     ]
    ]
   },
   "properties": {
    "FID": 125,
    "OBJECTID_1": 143,
    "Road_Names": "Dhunburigas Magu 2 Goalhi",
    "UPDEC": 1,
    "Phase": " ",
    "Shape__Length": 106.56066294917245
   }
  },
  {
   "type": "Feature",
   "id": 126,
   "geometry": {
    "type": "LineString",
    "coordinates": [
     [
      73.5429630832032,
      4.23463323173549
     ],
     [
      73.5455823387384,
      4.23706840298327
     ],
     [
      73.5456395978269,
      4.23711688581892
     ],
     [
      73.5457010768371,
      4.23715984262746
     ],
     [
      73.5457662503725,
      4.23719690433087
     ],
     [
      73.5458345614074,
      4.23722775515072
     ],
     [
      73.5459054239945,
      4.23725212990004
     ],
     [
      73.545978233159,
      4.23726982214162
     ],
     [
      73.5460523667103,
      4.23728067876505
     ],
     [
      73.5461271888315,
      4.23728460722868
     ],
     [
      73.5462020617929,
      4.23728157467733
     ],
     [
      73.5462763432501,
      4.23727160703282
     ],
     [
      73.5463493997593,
      4.2372547881151
     ],
     [
      73.5476743196676,
      4.23688008154522
     ],
     [
      73.5477162941125,
      4.23689642145324
     ],
     [
      73.5503696744568,
      4.2361459982723
     ],
     [
      73.5503857098917,
      4.23613986582858
     ],
     [
      73.5504006479896,
      4.236131379902
     ],
     [
      73.5504141460766,
      4.23612073248537
     ],
     [
      73.5504258974156,
      4.23610816718935
     ]
    ]
   },
   "properties": {
    "FID": 126,
    "OBJECTID_1": 125,
    "Road_Names": "Hirundhumaa Higun",
    "UPDEC": 1,
    "Phase": " ",
    "Shape__Length": 959.2027773235798
   }
  },
  {
   "type": "Feature",
   "id": 127,
   "geometry": {
    "type": "MultiLineString",
    "coordinates": [
     [
      [
       73.5496569331049,
       4.2337843911718
      ],
      [
       73.5496419317927,
       4.23378863356536
      ],
      [
       73.5493688887873,
       4.23386585280904
      ],
      [
       73.5470185423842,
       4.23453055131332
      ]
     ],
     [
      [
       73.5470203759273,
       4.23453712155266
      ],
      [
       73.5462812877767,
       4.23474598268853
      ]
     ],
     [
      [
       73.5462812877767,
       4.23474598268853
      ],
      [
       73.5462716546258,
       4.23474870577667
      ]
     ],
     [
      [
       73.5462812877767,
       4.23474598268853
      ],
      [
       73.5462299451377,
       4.23475700197237
      ],
      [
       73.5461776321052,
       4.23476137214639
      ],
      [
       73.5461251991977,
       4.23475902155546
      ],
      [
       73.5460734976265,
       4.23474998978614
      ],
      [
       73.5460233675956,
       4.23473442221835
      ],
      [
       73.5459756238842,
       4.2347125718069
      ],
      [
       73.5459310423434,
       4.23468479453411
      ],
      [
       73.5458903472994,
       4.23465154124653
      ],
      [
       73.5443086441133,
       4.23318101125963
      ]
     ]
    ]
   },
   "properties": {
    "FID": 127,
    "OBJECTID_1": 124,
    "Road_Names": "Berebedhimaa Hingun",
    "UPDEC": 1,
    "Phase": " ",
    "Shape__Length": 676.5422204279048
   }
  },
  {
   "type": "Feature",
   "id": 128,
   "geometry": {
    "type": "MultiLineString",
    "coordinates": [
     [
      [
       73.5454742315422,
       4.22517006991035
      ],
      [
       73.5447401307738,
       4.22537768479473
      ]
     ],
     [
      [
       73.5447401307738,
       4.22537768479473
      ],
      [
       73.5447381010506,
       4.2253782643129
      ]
     ],
     [
      [
       73.5447401307738,
       4.22537768479473
      ],
      [
       73.5447027663345,
       4.22538992424938
      ],
      [
       73.5446665150833,
       4.22540518193937
      ],
      [
       73.5446316186305,
       4.22542335521817
      ],
      [
       73.5445738786039,
       4.22545973708417
      ],
      [
       73.5445193115937,
       4.22550076805327
      ],
      [
       73.5444682883534,
       4.22554617027034
      ],
      [
       73.5444211544713,
       4.22559563508375
      ],
      [
       73.5443782303638,
       4.22564882666295
      ],
      [
       73.5443398076703,
       4.22570538289605
      ],
      [
       73.5443061483442,
       4.22576491991005
      ],
      [
       73.5442774801453,
       4.22582703387107
      ],
      [
       73.5442524237905,
       4.22590145343688
      ],
      [
       73.5442314142786,
       4.22597712233803
      ],
      [
       73.5442145132809,
       4.22605381821089
      ],
      [
       73.5442017689618,
       4.22613131595329
      ],
      [
       73.5441878314406,
       4.22629842124795
      ],
      [
       73.5441847333626,
       4.22638445830019
      ],
      [
       73.5441851988282,
       4.2264705454638
      ],
      [
       73.5441892281156,
       4.22655653441955
      ],
      [
       73.5442019730342,
       4.22668104060441
      ],
      [
       73.5442216902267,
       4.22680461752607
      ],
      [
       73.5442483173737,
       4.22692687165773
      ],
      [
       73.5442817696265,
       4.22704741395198
      ],
      [
       73.5443219405103,
       4.22716585893801
      ],
      [
       73.5443687019119,
       4.22728183105245
      ],
      [
       73.544421904989,
       4.22739496011903
      ],
      [
       73.5444813792611,
       4.22750488586888
      ],
      [
       73.5445364064051,
       4.22759828183573
      ],
      [
       73.54459515828,
       4.22768935690376
      ],
      [
       73.5446575378806,
       4.22777795985665
      ],
      [
       73.5447234445847,
       4.2278639467063
      ],
      [
       73.5447702817133,
       4.22792246479286
      ],
      [
       73.5448206765055,
       4.22797791735057
      ],
      [
       73.5448744320876,
       4.22803008695467
      ],
      [
       73.5449313380481,
       4.22807876972081
      ],
      [
       73.544982183773,
       4.228114636716
      ],
      [
       73.545035505799,
       4.22814667374496
      ],
      [
       73.5450910197844,
       4.22817471024685
      ],
      [
       73.5451396492532,
       4.22819525629392
      ],
      [
       73.5451894591364,
       4.22821272510449
      ],
      [
       73.5452402576856,
       4.22822704848834
      ],
      [
       73.5453128455005,
       4.22824175559283
      ],
      [
       73.5453864397769,
       4.22825005515948
      ],
      [
       73.5454234208632,
       4.22825217673558
      ],
      [
       73.5454718388155,
       4.2282509003013
      ],
      [
       73.5455199230735,
       4.22824500269943
      ],
      [
       73.5455672357353,
       4.22823453827462
      ],
      [
       73.5462796155528,
       4.22803306147476
      ]
     ]
    ]
   },
   "properties": {
    "FID": 128,
    "OBJECTID_1": 181,
    "Road_Names": "Anbu Maa Higun",
    "UPDEC": 1,
    "Phase": " ",
    "Shape__Length": 589.3694919478374
   }
  },
  {
   "type": "Feature",
   "id": 129,
   "geometry": {
    "type": "MultiLineString",
    "coordinates": [
     [
      [
       73.5472618123145,
       4.2252611712452
      ],
      [
       73.5464240346134,
       4.22549811452298
      ]
     ],
     [
      [
       73.5442017689618,
       4.22613131595329
      ],
      [
       73.5455953744381,
       4.22573717384016
      ],
      [
       73.5464260276386,
       4.22550224590989
      ]
     ]
    ]
   },
   "properties": {
    "FID": 129,
    "OBJECTID_1": 169,
    "Road_Names": "Gul Hazaarumaa Higun",
    "UPDEC": 1,
    "Phase": " ",
    "Shape__Length": 353.14762953763545
   }
  },
  {
   "type": "Feature",
   "id": 130,
   "geometry": {
    "type": "LineString",
    "coordinates": [
     [
      73.5464713455698,
      4.22858464406656
     ],
     [
      73.5454403662768,
      4.22887622618978
     ],
     [
      73.5453864001579,
      4.22889148854377
     ]
    ]
   },
   "properties": {
    "FID": 130,
    "OBJECTID_1": 176,
    "Road_Names": "Feyrugas Magu 03 Goalhi",
    "UPDEC": 1,
    "Phase": " ",
    "Shape__Length": 125.12726531248518
   }
  },
  {
   "type": "Feature",
   "id": 131,
   "geometry": {
    "type": "MultiLineString",
    "coordinates": [
     [
      [
       73.546925704342,
       4.22725523039867
      ],
      [
       73.5477530651691,
       4.2270212331448
      ]
     ],
     [
      [
       73.5447234445847,
       4.2278639467063
      ],
      [
       73.546063300199,
       4.22748501141827
      ],
      [
       73.5469250276499,
       4.22724129786923
      ]
     ]
    ]
   },
   "properties": {
    "FID": 131,
    "OBJECTID_1": 177,
    "Road_Names": "Heenaa Maa Higun",
    "UPDEC": 1,
    "Phase": " ",
    "Shape__Length": 349.3300032265669
   }
  },
  {
   "type": "Feature",
   "id": 132,
   "geometry": {
    "type": "LineString",
    "coordinates": [
     [
      73.5448064093319,
      4.22258204208735
     ],
     [
      73.5449466257173,
      4.22308441547518
     ],
     [
      73.5450771617849,
      4.22355209814686
     ],
     [
      73.5451931728275,
      4.22396773838291
     ],
     [
      73.5452126088232,
      4.22403737415587
     ],
     [
      73.5452417646036,
      4.22414183731586
     ],
     [
      73.5453428300249,
      4.22450393846224
     ],
     [
      73.5454012712819,
      4.22481490303878
     ],
     [
      73.5454645859759,
      4.225124898226
     ],
     [
      73.5455327580436,
      4.22543384621672
     ],
     [
      73.5455540062903,
      4.22554759168923
     ],
     [
      73.5455819415495,
      4.22574097418652
     ],
     [
      73.5455922340572,
      4.22586340837668
     ],
     [
      73.5455924717916,
      4.22598478182122
     ],
     [
      73.5455920691005,
      4.22610128753014
     ],
     [
      73.5455958443883,
      4.2262168351966
     ],
     [
      73.5456057612576,
      4.22633200822503
     ],
     [
      73.5456217905994,
      4.22644647645845
     ],
     [
      73.5456438879844,
      4.22655991332848
     ],
     [
      73.5456719891616,
      4.22667199403813
     ],
     [
      73.5457060145563,
      4.22678239918778
     ],
     [
      73.5457458665722,
      4.22689081205696
     ],
     [
      73.5457914313846,
      4.22699692312969
     ],
     [
      73.5458425789405,
      4.2271004300944
     ],
     [
      73.5458991620612,
      4.22720103603361
     ],
     [
      73.5459983036042,
      4.22736494886369
     ],
     [
      73.5460632984024,
      4.22748500870173
     ],
     [
      73.5461057411792,
      4.2275726688421
     ],
     [
      73.5461439266365,
      4.22766228622997
     ],
     [
      73.5461777668784,
      4.22775365359467
     ],
     [
      73.5462897859974,
      4.22806245885002
     ],
     [
      73.5463987258854,
      4.22837237706629
     ],
     [
      73.5464995474281,
      4.22866837411198
     ],
     [
      73.5465100932087,
      4.2287061586227
     ],
     [
      73.5471618430975,
      4.2310412602094
     ]
    ]
   },
   "properties": {
    "FID": 132,
    "OBJECTID_1": 178,
    "Road_Names": "Feyru Gas Magu",
    "UPDEC": 1,
    "Phase": " ",
    "Shape__Length": 976.1403922088972
   }
  },
  {
   "type": "Feature",
   "id": 133,
   "geometry": {
    "type": "MultiLineString",
    "coordinates": [
     [
      [
       73.5460254330647,
       4.2243895854818
      ],
      [
       73.5443301179132,
       4.22486905865533
      ]
     ],
     [
      [
       73.546025496652,
       4.22438978456742
      ],
      [
       73.5469459395337,
       4.22412946051134
      ]
     ]
    ]
   },
   "properties": {
    "FID": 133,
    "OBJECTID_1": 175,
    "Road_Names": "Gul Alaamaa Higun",
    "UPDEC": 1,
    "Phase": " ",
    "Shape__Length": 301.6784019287594
   }
  },
  {
   "type": "Feature",
   "id": 134,
   "geometry": {
    "type": "MultiLineString",
    "coordinates": [
     [
      [
       73.5442881571437,
       4.22706779828165
      ],
      [
       73.5437395745028,
       4.22722294753797
      ],
      [
       73.5437354159242,
       4.2272241235621
      ]
     ],
     [
      [
       73.5437347614497,
       4.22722196716696
      ],
      [
       73.5421984050843,
       4.22765647459838
      ],
      [
       73.5411569697536,
       4.22795100844391
      ],
      [
       73.5411396218982,
       4.22795430932438
      ],
      [
       73.5411219699126,
       4.2279545347052
      ],
      [
       73.5411045515998,
       4.2279516774607
      ],
      [
       73.5410878946794,
       4.22794582359843
      ],
      [
       73.5410830560712,
       4.22794309678536
      ]
     ]
    ]
   },
   "properties": {
    "FID": 134,
    "OBJECTID_1": 179,
    "Road_Names": "Fithuroanu Maa hingun",
    "UPDEC": 1,
    "Phase": " ",
    "Shape__Length": 369.5006401314126
   }
  },
  {
   "type": "Feature",
   "id": 135,
   "geometry": {
    "type": "MultiLineString",
    "coordinates": [
     [
      [
       73.5490109151316,
       4.22922886140982
      ],
      [
       73.5490113945536,
       4.229230215281
      ]
     ],
     [
      [
       73.5490113945536,
       4.229230215281
      ],
      [
       73.5490114977206,
       4.22923044519033
      ]
     ],
     [
      [
       73.5490113945536,
       4.229230215281
      ],
      [
       73.5493899332568,
       4.23029954801405
      ],
      [
       73.549530755057,
       4.2306746758759
      ],
      [
       73.5495340234438,
       4.23068619402734
      ],
      [
       73.5495353543339,
       4.23069809924314
      ],
      [
       73.5495347105017,
       4.23071006406311
      ],
      [
       73.549532109672,
       4.23072176113009
      ],
      [
       73.5495276236104,
       4.23073286771021
      ],
      [
       73.5495213762918,
       4.23074308196858
      ],
      [
       73.5495135366967,
       4.23075212114696
      ],
      [
       73.5495043214822,
       4.23075973875227
      ],
      [
       73.5494939832692,
       4.23076572543901
      ],
      [
       73.5494828061234,
       4.23076991714031
      ],
      [
       73.5488493710304,
       4.23094906665656
      ]
     ],
     [
      [
       73.5483996606177,
       4.22933784996518
      ],
      [
       73.5489296603201,
       4.22918795344996
      ],
      [
       73.548940716529,
       4.22918580635563
      ],
      [
       73.5489519719358,
       4.22918553353718
      ],
      [
       73.5489631139373,
       4.22918714435664
      ],
      [
       73.5489738318361,
       4.22919059210733
      ],
      [
       73.5489838285343,
       4.22919578307959
      ],
      [
       73.5489928259494,
       4.22920257114469
      ],
      [
       73.5490005731004,
       4.22921076862257
      ],
      [
       73.5490068551169,
       4.22922014629888
      ],
      [
       73.5490113945536,
       4.229230215281
      ]
     ]
    ]
   },
   "properties": {
    "FID": 135,
    "OBJECTID_1": 135,
    "Road_Names": "Funa Gas Magu",
    "UPDEC": 1,
    "Phase": " ",
    "Shape__Length": 328.6435303630726
   }
  },
  {
   "type": "Feature",
   "id": 136,
   "geometry": {
    "type": "LineString",
    "coordinates": [
     [
      73.5450771644891,
      4.22355209724755
     ],
     [
      73.5440365145414,
      4.22384641716268
     ]
    ]
   },
   "properties": {
    "FID": 136,
    "OBJECTID_1": 172,
    "Road_Names": "Feyrugas Magu 02 Goalhi",
    "UPDEC": 1,
    "Phase": " ",
    "Shape__Length": 120.01953144595137
   }
  },
  {
   "type": "Feature",
   "id": 137,
   "geometry": {
    "type": "LineString",
    "coordinates": [
     [
      73.5439047031449,
      4.22337415499605
     ],
     [
      73.5449453478831,
      4.2230798368539
     ]
    ]
   },
   "properties": {
    "FID": 137,
    "OBJECTID_1": 171,
    "Road_Names": "Feyrugas Magu 01 Goalhi",
    "UPDEC": 1,
    "Phase": " ",
    "Shape__Length": 120.01899584224607
   }
  },
  {
   "type": "Feature",
   "id": 138,
   "geometry": {
    "type": "LineString",
    "coordinates": [
     [
      73.5480698767746,
      4.22815630404688
     ],
     [
      73.5471496557247,
      4.2284165632106
     ]
    ]
   },
   "properties": {
    "FID": 138,
    "OBJECTID_1": 165,
    "Road_Names": "Dhunburigas Magu 3 Goalhi",
    "UPDEC": 1,
    "Phase": " ",
    "Shape__Length": 106.12956671664524
   }
  },
  {
   "type": "Feature",
   "id": 139,
   "geometry": {
    "type": "LineString",
    "coordinates": [
     [
      73.5468090665435,
      4.22977732610551
     ],
     [
      73.5457736096401,
      4.23007017313779
     ]
    ]
   },
   "properties": {
    "FID": 139,
    "OBJECTID_1": 170,
    "Road_Names": "Feyrugas Magu 04 Goalhi",
    "UPDEC": 1,
    "Phase": " ",
    "Shape__Length": 119.41951225229191
   }
  },
  {
   "type": "Feature",
   "id": 140,
   "geometry": {
    "type": "LineString",
    "coordinates": [
     [
      73.5461263852215,
      4.23133410807651
     ],
     [
      73.5487497554736,
      4.23059216544473
     ]
    ]
   },
   "properties": {
    "FID": 140,
    "OBJECTID_1": 163,
    "Road_Names": "Karankaa Maa Hingun",
    "UPDEC": 1,
    "Phase": " ",
    "Shape__Length": 302.55354124235447
   }
  },
  {
   "type": "Feature",
   "id": 141,
   "geometry": {
    "type": "LineString",
    "coordinates": [
     [
      73.5484136284295,
      4.22938789361913
     ],
     [
      73.5474896770845,
      4.22964920747736
     ]
    ]
   },
   "properties": {
    "FID": 141,
    "OBJECTID_1": 164,
    "Road_Names": "Dhunburigas Magu 4 Goalhi",
    "UPDEC": 1,
    "Phase": " ",
    "Shape__Length": 106.55960212103471
   }
  },
  {
   "type": "Feature",
   "id": 142,
   "geometry": {
    "type": "LineString",
    "coordinates": [
     [
      73.5439027586573,
      4.22336719114694
     ],
     [
      73.5417267533217,
      4.22397630310644
     ]
    ]
   },
   "properties": {
    "FID": 142,
    "OBJECTID_1": 151,
    "Road_Names": "Dhigu Thiyara Magu 01 Goalhi",
    "UPDEC": 1,
    "Phase": " ",
    "Shape__Length": 250.7734011378391
   }
  },
  {
   "type": "Feature",
   "id": 143,
   "geometry": {
    "type": "LineString",
    "coordinates": [
     [
      73.5477455653997,
      4.2269943622308
     ],
     [
      73.5482037309651,
      4.22686478197164
     ]
    ]
   },
   "properties": {
    "FID": 143,
    "OBJECTID_1": 138,
    "Road_Names": "Nikagas Magu 05 Goalhi",
    "UPDEC": 1,
    "Phase": " ",
    "Shape__Length": 52.840569331659346
   }
  },
  {
   "type": "Feature",
   "id": 144,
   "geometry": {
    "type": "LineString",
    "coordinates": [
     [
      73.5506643386687,
      4.23533879748362
     ],
     [
      73.5508837444404,
      4.23506335721048
     ],
     [
      73.5509641400718,
      4.23497089445565
     ],
     [
      73.5510901739807,
      4.23482400854959
     ],
     [
      73.5510970342589,
      4.2348145695942
     ],
     [
      73.551102294691,
      4.23480414546705
     ],
     [
      73.5511058187438,
      4.23479300903909
     ],
     [
      73.5511075121911,
      4.23478145044409
     ],
     [
      73.5511073330328,
      4.23476977167088
     ],
     [
      73.5511052852096,
      4.23475827569879
     ],
     [
      73.5509476744021,
      4.23415809124213
     ],
     [
      73.5508825693244,
      4.23397178976339
     ],
     [
      73.5508256336762,
      4.2338117545394
     ],
     [
      73.550737053326,
      4.23356765356486
     ],
     [
      73.5507131890385,
      4.23350394945001
     ],
     [
      73.550615637415,
      4.23324335903683
     ],
     [
      73.5505570170981,
      4.23310666397233
     ],
     [
      73.5503070388544,
      4.23253043204096
     ],
     [
      73.5502771875883,
      4.23245662096241
     ],
     [
      73.5502229618465,
      4.23232221050948
     ],
     [
      73.5501406649108,
      4.23211350123558
     ],
     [
      73.5497995534573,
      4.231404409487
     ],
     [
      73.5497931407656,
      4.23139359809979
     ],
     [
      73.5497849582628,
      4.23138407034531
     ],
     [
      73.549775253142,
      4.23137611337976
     ],
     [
      73.5497643195218,
      4.2313699701321
     ],
     [
      73.5497524885639,
      4.23136582481517
     ],
     [
      73.549740119463,
      4.23136380381322
     ],
     [
      73.5497275859467,
      4.23136396932582
     ]
    ]
   },
   "properties": {
    "FID": 144,
    "OBJECTID_1": 134,
    "Road_Names": "Magoogas Magu",
    "UPDEC": 1,
    "Phase": " ",
    "Shape__Length": 490.46328340572813
   }
  },
  {
   "type": "Feature",
   "id": 145,
   "geometry": {
    "type": "MultiLineString",
    "coordinates": [
     [
      [
       73.5506353640644,
       4.23558139916778
      ],
      [
       73.5506485014191,
       4.23564064983906
      ],
      [
       73.5506668752699,
       4.23569847234917
      ],
      [
       73.550690337848,
       4.23575440065818
      ],
      [
       73.5507186999181,
       4.23580798402287
      ],
      [
       73.550751732571,
       4.23585879152215
      ],
      [
       73.5507891699245,
       4.2359064129665
      ],
      [
       73.5508307109119,
       4.23595046613645
      ],
      [
       73.5509033598128,
       4.2360170825959
      ],
      [
       73.5509800361289,
       4.23607897843721
      ],
      [
       73.5510879361157,
       4.23616465871016
      ],
      [
       73.5511935472491,
       4.23625316905304
      ],
      [
       73.5512307942904,
       4.23629029193074
      ],
      [
       73.5512628051628,
       4.2363320553799
      ],
      [
       73.5512890146147,
       4.23637772125984
      ],
      [
       73.5513089593128,
       4.23642648469578
      ],
      [
       73.551322285934,
       4.23647748223345
      ],
      [
       73.5513287592347,
       4.23652981265525
      ],
      [
       73.5513282656252,
       4.2365825523617
      ],
      [
       73.5513198269634,
       4.23662351100164
      ],
      [
       73.5513065352524,
       4.23666315459353
      ],
      [
       73.551288582545,
       4.23670090468504
      ],
      [
       73.551266232011,
       4.23673620918469
      ],
      [
       73.5512398098096,
       4.23676855319935
      ],
      [
       73.5512097023752,
       4.23679746535985
      ],
      [
       73.5511744915645,
       4.23682306962055
      ],
      [
       73.551136062752,
       4.23684346848198
      ],
      [
       73.5510951742913,
       4.23685825819819
      ],
      [
       73.551052632971,
       4.23686714816352
      ],
      [
       73.5510092786964,
       4.23686996269265
      ],
      [
       73.5509659664649,
       4.23686664550876
      ],
      [
       73.5509235519456,
       4.23685726333408
      ],
      [
       73.5508828725735,
       4.2368419995235
      ],
      [
       73.5508447304289,
       4.23682115674566
      ],
      [
       73.5507854225125,
       4.23678277694671
      ],
      [
       73.5507286582404,
       4.23674069661766
      ],
      [
       73.550577718141,
       4.23663328794743
      ],
      [
       73.5505182532447,
       4.23659988924217
      ],
      [
       73.5504559418843,
       4.23657220819403
      ],
      [
       73.5503988549993,
       4.23655343075345
      ],
      [
       73.5503400790543,
       4.23654094290911
      ],
      [
       73.5502802984096,
       4.23653489064764
      ],
      [
       73.550220209276,
       4.23653534491346
      ],
      [
       73.5501605107115,
       4.23654229887866
      ],
      [
       73.5501018974044,
       4.23655567335591
      ],
      [
       73.5500450515763,
       4.23657531135686
      ],
      [
       73.549990634863,
       4.23660098440774
      ],
      [
       73.5499392811043,
       4.23663239434452
      ],
      [
       73.5498915873325,
       4.23666917510482
      ],
      [
       73.5498481092567,
       4.23671089905013
      ],
      [
       73.5498093522493,
       4.23675707966211
      ],
      [
       73.5497757686269,
       4.23680718058123
      ],
      [
       73.5497398239622,
       4.2368688605321
      ],
      [
       73.5497077354366,
       4.23693264772174
      ],
      [
       73.5496796251158,
       4.23699829909832
      ],
      [
       73.5496578065187,
       4.23705073192031
      ],
      [
       73.5496322652757,
       4.23710144392415
      ],
      [
       73.5496031370098,
       4.23715016766362
      ],
      [
       73.5495843551136,
       4.23717504389784
      ],
      [
       73.5495622195191,
       4.23719696189302
      ],
      [
       73.5495371877937,
       4.23721546850291
      ],
      [
       73.5495097777309,
       4.23723018033281
      ],
      [
       73.5494795879077,
       4.23724381071226
      ],
      [
       73.5494697594972,
       4.23724591214858
      ]
     ],
     [
      [
       73.5494223010753,
       4.23723564948579
      ],
      [
       73.5494218087254,
       4.23723543150661
      ],
      [
       73.5494228142252,
       4.23723582409317
      ],
      [
       73.5494223010753,
       4.23723564948579
      ]
     ],
     [
      [
       73.5494223010753,
       4.23723564948579
      ],
      [
       73.549416847283,
       4.23723379337504
      ],
      [
       73.5494120473657,
       4.2372329740226
      ],
      [
       73.5494071793525,
       4.23723292418073
      ],
      [
       73.5494023648524,
       4.23723364588665
      ],
      [
       73.5493977210085,
       4.23723512036814
      ],
      [
       73.5493933658972,
       4.23723731167127
      ],
      [
       73.5493894104268,
       4.23724016302764
      ],
      [
       73.5493859520151,
       4.23724360588635
      ],
      [
       73.5493830764028,
       4.23724755358673
      ],
      [
       73.5493808883896,
       4.23725184353492
      ],
      [
       73.5493792890722,
       4.23725685810339
      ],
      [
       73.549378558817,
       4.23726200272819
      ],
      [
       73.5493786977741,
       4.23726719691861
      ],
      [
       73.5493797026199,
       4.23727229053915
      ],
      [
       73.5493815429842,
       4.23727714516067
      ],
      [
       73.5493841677842,
       4.23728161869744
      ],
      [
       73.5493875051776,
       4.23728559073027
      ],
      [
       73.5493915912045,
       4.23728905770926
      ],
      [
       73.549395277728,
       4.23729130752909
      ],
      [
       73.5493958097245,
       4.2372915201564
      ],
      [
       73.5493959096072,
       4.23729157912958
      ],
      [
       73.5493970969585,
       4.23729203446091
      ],
      [
       73.5494000638987,
       4.23729321936277
      ],
      [
       73.5494003511491,
       4.23729328140108
      ],
      [
       73.5494007445323,
       4.23729343226929
      ],
      [
       73.5494048535095,
       4.23729425213281
      ],
      [
       73.5494051038393,
       4.23729430686664
      ],
      [
       73.5494051299617,
       4.2372943078201
      ],
      [
       73.5494058188444,
       4.23729444477308
      ],
      [
       73.5494101084015,
       4.23729455954919
      ]
     ],
     [
      [
       73.5494697594972,
       4.23724591214858
      ],
      [
       73.5494595951099,
       4.23724654512367
      ],
      [
       73.5494494424225,
       4.23724573380481
      ],
      [
       73.5494395049909,
       4.23724349575786
      ],
      [
       73.5494294597017,
       4.23723967753349
      ],
      [
       73.5494242524734,
       4.23723651322913
      ],
      [
       73.5494223010753,
       4.23723564948579
      ]
     ],
     [
      [
       73.5494203188322,
       4.23729242265579
      ],
      [
       73.5494249037838,
       4.23729016305044
      ],
      [
       73.5494290613051,
       4.23728717008376
      ],
      [
       73.549432669624,
       4.23728352944438
      ],
      [
       73.5494361641661,
       4.23727858445639
      ],
      [
       73.5494367778427,
       4.23727750576377
      ],
      [
       73.5494423356321,
       4.23726899591621
      ],
      [
       73.5494500581109,
       4.23726049375225
      ],
      [
       73.5494590257575,
       4.23725332609808
      ],
      [
       73.5494697594972,
       4.23724591214858
      ]
     ],
     [
      [
       73.5494203188322,
       4.23729242265579
      ],
      [
       73.5494184379666,
       4.2372933488388
      ]
     ],
     [
      [
       73.5494101084015,
       4.23729455954919
      ],
      [
       73.549415372297,
       4.23729390289944
      ],
      [
       73.5494203188322,
       4.23729242265579
      ]
     ],
     [
      [
       73.5494120252666,
       4.23729461831791
      ],
      [
       73.5494101084015,
       4.23729455954919
      ]
     ]
    ]
   },
   "properties": {
    "FID": 145,
    "OBJECTID_1": 219,
    "Road_Names": "Anauna Magu",
    "UPDEC": 1,
    "Phase": " ",
    "Shape__Length": 437.8172403309896
   }
  },
  {
   "type": "Feature",
   "id": 146,
   "geometry": {
    "type": "LineString",
    "coordinates": [
     [
      73.5472698176607,
      4.22528985369575
     ],
     [
      73.5476941304284,
      4.22516984802448
     ]
    ]
   },
   "properties": {
    "FID": 146,
    "OBJECTID_1": 139,
    "Road_Names": "Nikagas Magu 04 Goalhi",
    "UPDEC": 1,
    "Phase": " ",
    "Shape__Length": 48.93640472118668
   }
  },
  {
   "type": "Feature",
   "id": 147,
   "geometry": {
    "type": "LineString",
    "coordinates": [
     [
      73.5466610745985,
      4.22310884305041
     ],
     [
      73.5470932290774,
      4.22298661818591
     ]
    ]
   },
   "properties": {
    "FID": 147,
    "OBJECTID_1": 224,
    "Road_Names": "Nikagas Magu 02 Goalhi",
    "UPDEC": 1,
    "Phase": " ",
    "Shape__Length": 49.84098032953438
   }
  },
  {
   "type": "Feature",
   "id": 148,
   "geometry": {
    "type": "LineString",
    "coordinates": [
     [
      73.5480662329286,
      4.22814324682313
     ],
     [
      73.5486008013016,
      4.22799205832642
     ]
    ]
   },
   "properties": {
    "FID": 148,
    "OBJECTID_1": 137,
    "Road_Names": "Nikagas Mahu 06 Goalhi",
    "UPDEC": 1,
    "Phase": " ",
    "Shape__Length": 61.65205840004297
   }
  },
  {
   "type": "Feature",
   "id": 149,
   "geometry": {
    "type": "LineString",
    "coordinates": [
     [
      73.542537224881,
      4.22697232716461
     ],
     [
      73.5425370497844,
      4.22697202567287
     ],
     [
      73.5424801840159,
      4.22676886936194
     ],
     [
      73.5421229504514,
      4.22549263088193
     ],
     [
      73.5415874759926,
      4.22357961409709
     ]
    ]
   },
   "properties": {
    "FID": 149,
    "OBJECTID_1": 180,
    "Road_Names": "Dhigu Thiyara Magu",
    "UPDEC": 1,
    "Phase": " ",
    "Shape__Length": 389.6742112897841
   }
  },
  {
   "type": "Feature",
   "id": 150,
   "geometry": {
    "type": "LineString",
    "coordinates": [
     [
      73.5438354063475,
      4.22500897311361
     ],
     [
      73.5432841122416,
      4.22303765741084
     ]
    ]
   },
   "properties": {
    "FID": 150,
    "OBJECTID_1": 152,
    "Road_Names": "Javaahirugas Magu",
    "UPDEC": 1,
    "Phase": " ",
    "Shape__Length": 226.40046118825802
   }
  },
  {
   "type": "Feature",
   "id": 151,
   "geometry": {
    "type": "LineString",
    "coordinates": [
     [
      73.5467861486598,
      4.22205034983326
     ],
     [
      73.5468192965472,
      4.22212896298917
     ],
     [
      73.5469852664525,
      4.22261753395737
     ],
     [
      73.547016646543,
      4.22271235413423
     ],
     [
      73.5471176818727,
      4.22307419114203
     ],
     [
      73.5471798419273,
      4.22326685557535
     ],
     [
      73.5472270472843,
      4.22341316989062
     ],
     [
      73.5472686996064,
      4.2235422713455
     ],
     [
      73.5473159058817,
      4.22368858566758
     ],
     [
      73.5474437200531,
      4.22408474398671
     ],
     [
      73.547498399649,
      4.22430896224106
     ],
     [
      73.5475330904355,
      4.22445020026643
     ],
     [
      73.5476053433381,
      4.22476489798294
     ],
     [
      73.5476633987872,
      4.22496321083136
     ],
     [
      73.5477294261527,
      4.22540718434561
     ],
     [
      73.5477849675502,
      4.22570614054739
     ],
     [
      73.5482962572524,
      4.22712078562217
     ],
     [
      73.5483893942245,
      4.2273884670428
     ],
     [
      73.5485411916669,
      4.22782475412274
     ],
     [
      73.5485750310342,
      4.22791918284962
     ],
     [
      73.548623904756,
      4.22805739159156
     ],
     [
      73.548736299181,
      4.22840327675079
     ],
     [
      73.5487987154841,
      4.2285954588473
     ],
     [
      73.5488005811549,
      4.22860220188304
     ],
     [
      73.5488012681336,
      4.2286091679021
     ],
     [
      73.5488007560833,
      4.22861615156914
     ],
     [
      73.5487990589048,
      4.22862294399541
     ],
     [
      73.5487962274177,
      4.22862934450096
     ],
     [
      73.5487923466492,
      4.2286351651315
     ],
     [
      73.548787530429,
      4.22864023064821
     ],
     [
      73.5487819213628,
      4.22864439299809
     ],
     [
      73.5487756863329,
      4.22864752859224
     ],
     [
      73.5487690101827,
      4.22864954372048
     ],
     [
      73.5487620903011,
      4.22865037996743
     ],
     [
      73.5487551312249,
      4.22865001058492
     ],
     [
      73.5487483392186,
      4.22864844862133
     ],
     [
      73.5487419168843,
      4.2286457387719
     ],
     [
      73.5487360532428,
      4.22864196278651
     ],
     [
      73.5487309219489,
      4.22863723042246
     ],
     [
      73.5487266758779,
      4.22863168395616
     ],
     [
      73.54872344084,
      4.22862548731871
     ],
     [
      73.5487213110814,
      4.2286188233743
     ],
     [
      73.5487203519934,
      4.22861189030759
     ],
     [
      73.5487205902203,
      4.22860489256139
     ],
     [
      73.5487220199701,
      4.22859803813522
     ],
     [
      73.5487245976246,
      4.22859153043566
     ],
     [
      73.5487282471567,
      4.22858556195582
     ],
     [
      73.5487328619413,
      4.22858030885236
     ],
     [
      73.5487383029592,
      4.22857592822888
     ],
     [
      73.5487444105246,
      4.22857254911409
     ],
     [
      73.5487510033875,
      4.2285702706513
     ],
     [
      73.5487868798103,
      4.22855901493467
     ]
    ]
   },
   "properties": {
    "FID": 151,
    "OBJECTID_1": 141,
    "Road_Names": "Nikagas Magu",
    "UPDEC": 1,
    "Phase": " ",
    "Shape__Length": 784.5921471469039
   }
  },
  {
   "type": "Feature",
   "id": 152,
   "geometry": {
    "type": "LineString",
    "coordinates": [
     [
      73.5467861486598,
      4.22205034983326
     ],
     [
      73.5467807351852,
      4.22203995273598
     ],
     [
      73.5467737172648,
      4.22203057459352
     ],
     [
      73.5467652809091,
      4.22202246174938
     ],
     [
      73.546755647321,
      4.2220158280549
     ],
     [
      73.5467450720081,
      4.22201084763247
     ],
     [
      73.5467338312738,
      4.22200765304142
     ],
     [
      73.5467222213322,
      4.2220063271369
     ],
     [
      73.5467105492962,
      4.22200690486164
     ],
     [
      73.5466991214688,
      4.22200937231973
     ],
     [
      73.546432823756,
      4.22209003216078
     ],
     [
      73.5463810645598,
      4.22210560910075
     ]
    ]
   },
   "properties": {
    "FID": 152,
    "OBJECTID_1": 188,
    "Road_Names": "Nikagas Magu 01 Goalhi",
    "UPDEC": 1,
    "Phase": " ",
    "Shape__Length": 48.549917196631014
   }
  },
  {
   "type": "Feature",
   "id": 153,
   "geometry": {
    "type": "LineString",
    "coordinates": [
     [
      73.5439680067296,
      4.23891628108673
     ],
     [
      73.5434235341086,
      4.23840706684084
     ],
     [
      73.5430004233055,
      4.23801135457335
     ],
     [
      73.5429059527116,
      4.23792300093732
     ],
     [
      73.5422516237287,
      4.2373169060472
     ],
     [
      73.541218718343,
      4.23635460114088
     ],
     [
      73.5404218068056,
      4.23561411444856
     ],
     [
      73.5403523891758,
      4.23554961155982
     ]
    ]
   },
   "properties": {
    "FID": 153,
    "OBJECTID_1": 154,
    "Road_Names": "Berebedhigas Magu",
    "UPDEC": 1,
    "Phase": " ",
    "Shape__Length": 547.4230294972881
   }
  },
  {
   "type": "Feature",
   "id": 154,
   "geometry": {
    "type": "LineString",
    "coordinates": [
     [
      73.5461017304402,
      4.23124577408236
     ],
     [
      73.5429630832032,
      4.23463323173549
     ],
     [
      73.54289066984,
      4.23471138556327
     ],
     [
      73.5412989152294,
      4.23642931683111
     ],
     [
      73.540624259507,
      4.23715832251774
     ],
     [
      73.5406052812267,
      4.23717155585665
     ],
     [
      73.5405844065544,
      4.23718150267691
     ],
     [
      73.5405621945052,
      4.23718789633558
     ],
     [
      73.5405392417492,
      4.23719056612628
     ]
    ]
   },
   "properties": {
    "FID": 154,
    "OBJECTID_1": 132,
    "Road_Names": "Reethimaa Higun",
    "UPDEC": 1,
    "Phase": " ",
    "Shape__Length": 903.0807085820633
   }
  },
  {
   "type": "Feature",
   "id": 155,
   "geometry": {
    "type": "LineString",
    "coordinates": [
     [
      73.5361012835548,
      4.20800691508275
     ],
     [
      73.5347681459254,
      4.20838250963471
     ],
     [
      73.5351399885283,
      4.20827796758008
     ],
     [
      73.5355318152075,
      4.20968063213011
     ],
     [
      73.5355353534818,
      4.20969319079966
     ],
     [
      73.5355368038405,
      4.2097061615538
     ],
     [
      73.5355361282016,
      4.20971919522691
     ],
     [
      73.5355333443294,
      4.20973194456743
     ],
     [
      73.5355285267296,
      4.20974406695253
     ],
     [
      73.5355218048207,
      4.20975523885508
     ],
     [
      73.5355133575228,
      4.20976515945087
     ],
     [
      73.5355034123295,
      4.20977356508717
     ],
     [
      73.5354922344984,
      4.20978022926235
     ],
     [
      73.5354801243269,
      4.20978497437769
     ],
     [
      73.5352839070473,
      4.20984106285755
     ],
     [
      73.5352728781603,
      4.20984129530162
     ],
     [
      73.5352619698816,
      4.20983965317649
     ],
     [
      73.5352514937997,
      4.20983618319315
     ],
     [
      73.5352417532959,
      4.20983098540609
     ],
     [
      73.5352330282397,
      4.20982420866246
     ],
     [
      73.5352255695856,
      4.20981604968741
     ],
     [
      73.5352195912859,
      4.20980674221633
     ],
     [
      73.5352152666951,
      4.20979655337039
     ],
     [
      73.535212720472,
      4.20978577821504
     ],
     [
      73.5349542745186,
      4.20887442415952
     ],
     [
      73.53495216436,
      4.20886264414777
     ],
     [
      73.5349520876477,
      4.20885067623792
     ],
     [
      73.5349540464313,
      4.20883886952753
     ],
     [
      73.534957982409,
      4.20882757209601
     ],
     [
      73.5349637814606,
      4.20881711563861
     ],
     [
      73.5349712727647,
      4.20880780551649
     ],
     [
      73.5349802369166,
      4.20879991534566
     ],
     [
      73.5349904104522,
      4.20879367615291
     ],
     [
      73.5350014957635,
      4.2087892727769
     ],
     [
      73.5352625999726,
      4.20871426193411
     ]
    ]
   },
   "properties": {
    "FID": 155,
    "OBJECTID_1": 114,
    "Road_Names": " ",
    "UPDEC": 0,
    "Phase": "P1",
    "Shape__Length": 552.5964008510749
   }
  },
  {
   "type": "Feature",
   "id": 156,
   "geometry": {
    "type": "LineString",
    "coordinates": [
     [
      73.5413514024059,
      4.21384428928561
     ],
     [
      73.5414532100279,
      4.2142045626635
     ]
    ]
   },
   "properties": {
    "FID": 156,
    "OBJECTID_1": 104,
    "Road_Names": "Sabudheli Magu",
    "UPDEC": 1,
    "Phase": "P1",
    "Shape__Length": 41.408317267808116
   }
  },
  {
   "type": "Feature",
   "id": 157,
   "geometry": {
    "type": "LineString",
    "coordinates": [
     [
      73.5401959541822,
      4.21931205945998
     ],
     [
      73.5401199911331,
      4.21839870255852
     ]
    ]
   },
   "properties": {
    "FID": 157,
    "OBJECTID_1": 118,
    "Road_Names": " ",
    "UPDEC": 0,
    "Phase": "P1",
    "Shape__Length": 101.34314283149818
   }
  },
  {
   "type": "Feature",
   "id": 158,
   "geometry": {
    "type": "LineString",
    "coordinates": [
     [
      73.5451873014697,
      4.21788989371342
     ],
     [
      73.5454980059206,
      4.21780185406127
     ],
     [
      73.5457593128083,
      4.21772728211854
     ]
    ]
   },
   "properties": {
    "FID": 158,
    "OBJECTID_1": 47,
    "Road_Names": "Nirolhu Magu - 09 Goalhi",
    "UPDEC": 1,
    "Phase": "P1",
    "Shape__Length": 65.99633459364512
   }
  },
  {
   "type": "Feature",
   "id": 159,
   "geometry": {
    "type": "MultiLineString",
    "coordinates": [
     [
      [
       73.5496569349082,
       4.2337843902708
      ],
      [
       73.5496864830054,
       4.23382214444864
      ],
      [
       73.5497205942362,
       4.23385579853051
      ],
      [
       73.5497587102164,
       4.23388479888375
      ],
      [
       73.5498002048493,
       4.23390867223954
      ],
      [
       73.5498443987411,
       4.23392702481564
      ],
      [
       73.5499269549683,
       4.23396738090928
      ],
      [
       73.5500095971493,
       4.23401528432109
      ],
      [
       73.5500886920755,
       4.234068885986
      ],
      [
       73.5501638501754,
       4.23412792380488
      ],
      [
       73.550234703549,
       4.23419210768294
      ],
      [
       73.5503009050605,
       4.23426112314576
      ],
      [
       73.5503621283398,
       4.23433463043466
      ],
      [
       73.5504180740781,
       4.23441226994496
      ],
      [
       73.5504684682319,
       4.23449365950944
      ],
      [
       73.5505130620105,
       4.23457840072894
      ],
      [
       73.5505516372832,
       4.23466607807817
      ],
      [
       73.5505840047742,
       4.23475626071105
      ],
      [
       73.5506100058591,
       4.23484850517731
      ],
      [
       73.5506278685466,
       4.23492831886278
      ],
      [
       73.5506417453655,
       4.23500893359997
      ],
      [
       73.5506516033608,
       4.23509014674268
      ],
      [
       73.5506613788763,
       4.23518421478205
      ],
      [
       73.5506651125865,
       4.23527872549348
      ],
      [
       73.5506627889982,
       4.23537328995796
      ],
      [
       73.5506544187487,
       4.23546751568784
      ],
      [
       73.5506400358906,
       4.23556101385679
      ],
      [
       73.5506149386893,
       4.23565974644904
      ],
      [
       73.5505840189114,
       4.23575680402928
      ],
      [
       73.5505539965549,
       4.2358440741333
      ],
      [
       73.5505191842266,
       4.23592953459818
      ],
      [
       73.5504796887183,
       4.23601291973148
      ],
      [
       73.5504356339265,
       4.23609397020367
      ]
     ],
     [
      [
       73.5504356339265,
       4.23609397020367
      ],
      [
       73.5504258974156,
       4.23610816718935
      ]
     ],
     [
      [
       73.5504356339265,
       4.23609397020367
      ],
      [
       73.5503865880844,
       4.23617815135761
      ],
      [
       73.5503328759499,
       4.2362594106956
      ],
      [
       73.5502746691688,
       4.23633748626442
      ],
      [
       73.5502121555804,
       4.23641212789849
      ],
      [
       73.5501455356173,
       4.23648309540421
      ],
      [
       73.550075024102,
       4.23655016127664
      ],
      [
       73.5500496371378,
       4.23656981944501
      ],
      [
       73.5500216325887,
       4.2365854807058
      ]
     ]
    ]
   },
   "properties": {
    "FID": 159,
    "OBJECTID_1": 133,
    "Road_Names": "Mathares Magu",
    "UPDEC": 1,
    "Phase": " ",
    "Shape__Length": 380.4146232624401
   }
  },
  {
   "type": "Feature",
   "id": 160,
   "geometry": {
    "type": "LineString",
    "coordinates": [
     [
      73.5490112570693,
      4.2304765256691
     ],
     [
      73.5487962638911,
      4.23053717155935
     ],
     [
      73.5487389214391,
      4.23055334665822
     ]
    ]
   },
   "properties": {
    "FID": 160,
    "OBJECTID_1": 0,
    "Road_Names": " ",
    "UPDEC": 0,
    "Phase": " ",
    "Shape__Length": 31.402469382286903
   }
  },
  {
   "type": "Feature",
   "id": 161,
   "geometry": {
    "type": "LineString",
    "coordinates": [
     [
      73.5487950606493,
      4.22967797696714
     ],
     [
      73.548572856872,
      4.2297404199343
     ],
     [
      73.5485164474401,
      4.22975627210899
     ]
    ]
   },
   "properties": {
    "FID": 161,
    "OBJECTID_1": 0,
    "Road_Names": " ",
    "UPDEC": 0,
    "Phase": " ",
    "Shape__Length": 32.11750116721558
   }
  },
  {
   "type": "Feature",
   "id": 162,
   "geometry": {
    "type": "MultiLineString",
    "coordinates": [
     [
      [
       73.5459369134255,
       4.23468845299426
      ],
      [
       73.5458492057882,
       4.23478359274029
      ],
      [
       73.5456764415543,
       4.2349709966823
      ],
      [
       73.5446662084466,
       4.23606683100632
      ],
      [
       73.5445918300875,
       4.23614751088387
      ],
      [
       73.544549950223,
       4.23619293912809
      ],
      [
       73.5439776950764,
       4.23681367914609
      ],
      [
       73.5421775543343,
       4.23876597370268
      ]
     ],
     [
      [
       73.5421758952325,
       4.23876777301911
      ],
      [
       73.5418459874529,
       4.23912556421601
      ],
      [
       73.5418401678499,
       4.23913000824765
      ],
      [
       73.5418319229755,
       4.23913553567889
      ],
      [
       73.5418203381442,
       4.23914088587079
      ],
      [
       73.5418080704148,
       4.23914434911922
      ],
      [
       73.5417954127146,
       4.23914584186929
      ],
      [
       73.541782678602,
       4.23914532763339
      ],
      [
       73.541770182443,
       4.23914281966688
      ],
      [
       73.5417587759328,
       4.23913858094753
      ]
     ]
    ]
   },
   "properties": {
    "FID": 162,
    "OBJECTID_1": 0,
    "Road_Names": "Raa Maa Hingun",
    "UPDEC": 1,
    "Phase": " ",
    "Shape__Length": 678.6016893317448
   }
  },
  {
   "type": "Feature",
   "id": 163,
   "geometry": {
    "type": "LineString",
    "coordinates": [
     [
      73.5479574288863,
      4.23776036259388
     ],
     [
      73.5479305151546,
      4.23776831223705
     ],
     [
      73.5478718881042,
      4.23778562962498
     ],
     [
      73.5478001163555,
      4.23780762964823
     ],
     [
      73.5471499206367,
      4.23806002430293
     ],
     [
      73.5467617870386,
      4.23821070896753
     ],
     [
      73.5466070563951,
      4.23827234503901
     ],
     [
      73.5463157929862,
      4.23838828867526
     ],
     [
      73.5462623074392,
      4.23840968354771
     ],
     [
      73.5462577269692,
      4.23841146742712
     ],
     [
      73.5461878904156,
      4.23843718434121
     ],
     [
      73.5461169457673,
      4.23846052603664
     ],
     [
      73.5460419476769,
      4.23848225389042
     ],
     [
      73.5460354052426,
      4.23848400965458
     ],
     [
      73.5459711024782,
      4.23850009886413
     ],
     [
      73.5459059565385,
      4.2385142565075
     ],
     [
      73.5457967525467,
      4.23853327003738
     ],
     [
      73.5456866646805,
      4.2385465833136
     ],
     [
      73.5456068304918,
      4.2385526289023
     ],
     [
      73.5455268028185,
      4.23855567967749
     ],
     [
      73.5454097538575,
      4.2385547274915
     ],
     [
      73.5454029875247,
      4.23855433670681
     ],
     [
      73.5453294074014,
      4.2385476023373
     ],
     [
      73.5453255502397,
      4.23854700902364
     ],
     [
      73.5453223645565,
      4.23854670638049
     ],
     [
      73.5453070263375,
      4.2385446308408
     ],
     [
      73.5452945351977,
      4.23854279942502
     ],
     [
      73.5452575198712,
      4.23853657257837
     ],
     [
      73.5452557494319,
      4.23853625180081
     ],
     [
      73.5452354298339,
      4.23853212566166
     ],
     [
      73.545211167524,
      4.23852642749519
     ],
     [
      73.5451439270881,
      4.23850978388297
     ],
     [
      73.5450768464661,
      4.2384910197694
     ],
     [
      73.5449832723988,
      4.23846114139623
     ],
     [
      73.5448909516554,
      4.23842727339342
     ],
     [
      73.5448003208351,
      4.23838957937523
     ],
     [
      73.5447613314979,
      4.23837195436302
     ],
     [
      73.5446668623009,
      4.2383255600905
     ],
     [
      73.5445744020331,
      4.23827480048381
     ],
     [
      73.5444843349808,
      4.23821987342577
     ],
     [
      73.5443968806897,
      4.23816091679889
     ],
     [
      73.5443948323238,
      4.23815940350837
     ],
     [
      73.5443930289988,
      4.23815788254031
     ],
     [
      73.5443340513089,
      4.2381170339558
     ],
     [
      73.5442769309002,
      4.23807053642681
     ],
     [
      73.5442639607629,
      4.238059432278
     ],
     [
      73.5441750321686,
      4.23798248723461
     ],
     [
      73.5441212731853,
      4.23793192447053
     ],
     [
      73.5439625713447,
      4.23778190148743
     ],
     [
      73.5437434360456,
      4.23757474810632
     ],
     [
      73.5437414523201,
      4.23757287227622
     ],
     [
      73.5437327819212,
      4.23756318527359
     ],
     [
      73.5437251295119,
      4.23755106466637
     ],
     [
      73.5437195898243,
      4.23753783654729
     ],
     [
      73.5437163180147,
      4.23752386839165
     ],
     [
      73.5437154034397,
      4.23750954835162
     ],
     [
      73.5437168732787,
      4.23749527531476
     ],
     [
      73.5437206853506,
      4.23748144622904
     ],
     [
      73.5437267344399,
      4.23746844526204
     ],
     [
      73.5437343636373,
      4.23745734378233
     ],
     [
      73.5437367966247,
      4.23745454023716
     ],
     [
      73.5437379142636,
      4.23745325268358
     ],
     [
      73.5437448665991,
      4.23744570146993
     ],
     [
      73.5440275485733,
      4.23713892609362
     ],
     [
      73.5441642940141,
      4.2369905255298
     ]
    ]
   },
   "properties": {
    "FID": 163,
    "OBJECTID_1": 0,
    "Road_Names": "Veliveyo Hingun",
    "UPDEC": 1,
    "Phase": " ",
    "Shape__Length": 602.0477793458251
   }
  },
  {
   "type": "Feature",
   "id": 164,
   "geometry": {
    "type": "LineString",
    "coordinates": [
     [
      73.5455727347768,
      4.23782968632571
     ],
     [
      73.5455484456927,
      4.23789616309192
     ],
     [
      73.5453445294252,
      4.23845426507742
     ],
     [
      73.5453113006125,
      4.23854520956586
     ]
    ]
   },
   "properties": {
    "FID": 164,
    "OBJECTID_1": 0,
    "Road_Names": "Matharesmaa Higun 01 Goalhi",
    "UPDEC": 1,
    "Phase": " ",
    "Shape__Length": 84.27153490603665
   }
  },
  {
   "type": "Feature",
   "id": 165,
   "geometry": {
    "type": "LineString",
    "coordinates": [
     [
      73.5455727347768,
      4.23782968632571
     ],
     [
      73.5456053550379,
      4.23774040383325
     ],
     [
      73.5457607914112,
      4.23731498679633
     ],
     [
      73.5457985980926,
      4.23721151328899
     ]
    ]
   },
   "properties": {
    "FID": 165,
    "OBJECTID_1": 0,
    "Road_Names": "Hirundhumaa Higun 01 Goalhi",
    "UPDEC": 1,
    "Phase": " ",
    "Shape__Length": 72.80594756384603
   }
  },
  {
   "type": "Feature",
   "id": 166,
   "geometry": {
    "type": "LineString",
    "coordinates": [
     [
      73.5443317369896,
      4.23811515026782
     ],
     [
      73.544398373209,
      4.23802856198053
     ],
     [
      73.5447308271309,
      4.23759656319249
     ],
     [
      73.5447836144418,
      4.23752797054451
     ]
    ]
   },
   "properties": {
    "FID": 166,
    "OBJECTID_1": 0,
    "Road_Names": "Matharesmaa Higun 02 Goalhi",
    "UPDEC": 1,
    "Phase": " ",
    "Shape__Length": 82.04620654447278
   }
  },
  {
   "type": "Feature",
   "id": 167,
   "geometry": {
    "type": "LineString",
    "coordinates": [
     [
      73.5434689270423,
      4.22399825829096
     ],
     [
      73.5434162024523,
      4.22401313134536
     ],
     [
      73.5432469500186,
      4.22406087331132
     ],
     [
      73.5431872638584,
      4.22407770934935
     ],
     [
      73.5430609452885,
      4.22411334082054
     ],
     [
      73.5430012591231,
      4.22413017774582
     ],
     [
      73.5427722015281,
      4.22419478974616
     ],
     [
      73.5427602974627,
      4.22419708530487
     ],
     [
      73.5427466576546,
      4.22419738070325
     ],
     [
      73.5427331608594,
      4.22419537921804
     ],
     [
      73.5427201889171,
      4.2241911376399
     ],
     [
      73.5427108296287,
      4.22418620919055
     ],
     [
      73.54270194006,
      4.22418155203763
     ],
     [
      73.5426953176168,
      4.22417943053944
     ],
     [
      73.5426884299469,
      4.22417848153694
     ],
     [
      73.5426814832891,
      4.22417873074105
     ],
     [
      73.5426746812372,
      4.22418017310847
     ],
     [
      73.5426682256578,
      4.22418276379944
     ],
     [
      73.5426623085657,
      4.22418642720639
     ],
     [
      73.5426571049212,
      4.22419105513163
     ],
     [
      73.542652768119,
      4.22419651039638
     ],
     [
      73.5426494272793,
      4.22420263045325
     ],
     [
      73.5426471809266,
      4.22420923551392
     ],
     [
      73.5426460951865,
      4.22421612945001
     ],
     [
      73.5426462028699,
      4.224223107931
     ],
     [
      73.5426475007585,
      4.22422996474975
     ],
     [
      73.5426499495963,
      4.22423649634451
     ],
     [
      73.5426534776779,
      4.22424250994518
     ],
     [
      73.5426579808416,
      4.22424782719081
     ],
     [
      73.5426633251583,
      4.2242522913698
     ],
     [
      73.5426693523331,
      4.22425576923889
     ],
     [
      73.5426758841957,
      4.22425815826672
     ],
     [
      73.5426827272032,
      4.22425938754666
     ],
     [
      73.5426896787382,
      4.22425942142624
     ],
     [
      73.5426965334171,
      4.22425825861465
     ],
     [
      73.5427030875921,
      4.2242559330956
     ],
     [
      73.5427091483607,
      4.22425251323986
     ],
     [
      73.5427145344672,
      4.22424810180697
     ],
     [
      73.5427190889286,
      4.22424282782947
     ],
     [
      73.5427242603953,
      4.22423420424517
     ],
     [
      73.5427296939906,
      4.22422510273127
     ],
     [
      73.5427385675305,
      4.22421469903556
     ],
     [
      73.5427490513744,
      4.2242059335075
     ],
     [
      73.5427608486904,
      4.22419905429608
     ],
     [
      73.5427722015281,
      4.22419478974616
     ],
     [
      73.5427871963,
      4.22419056008351
     ],
     [
      73.5434689270423,
      4.22399825829096
     ],
     [
      73.5435466227844,
      4.22397634085245
     ]
    ]
   },
   "properties": {
    "FID": 167,
    "OBJECTID_1": 0,
    "Road_Names": " ",
    "UPDEC": 0,
    "Phase": " ",
    "Shape__Length": 206.0523500919999
   }
  },
  {
   "type": "Feature",
   "id": 168,
   "geometry": {
    "type": "LineString",
    "coordinates": [
     [
      73.5510231410928,
      4.23444547001987
     ],
     [
      73.5509577956324,
      4.23446390383853
     ],
     [
      73.5506974223391,
      4.23453735334165
     ],
     [
      73.5505825709275,
      4.23456975216366
     ],
     [
      73.5505173516412,
      4.23458814999877
     ]
    ]
   },
   "properties": {
    "FID": 168,
    "OBJECTID_1": 0,
    "Road_Names": " ",
    "UPDEC": 0,
    "Phase": " ",
    "Shape__Length": 58.321405329646474
   }
  },
  {
   "type": "Feature",
   "id": 169,
   "geometry": {
    "type": "LineString",
    "coordinates": [
     [
      73.5508574970476,
      4.2339777931445
     ],
     [
      73.5508193547789,
      4.23398855264151
     ],
     [
      73.5503247697701,
      4.23412807103473
     ],
     [
      73.5503151692418,
      4.23413166155542
     ],
     [
      73.5503054784973,
      4.2341372596603
     ],
     [
      73.5502968388829,
      4.23414438454429
     ],
     [
      73.5502907145402,
      4.23415142732482
     ],
     [
      73.5502455267466,
      4.23420339130376
     ]
    ]
   },
   "properties": {
    "FID": 169,
    "OBJECTID_1": 0,
    "Road_Names": " ",
    "UPDEC": 0,
    "Phase": " ",
    "Shape__Length": 73.70820162147228
   }
  },
  {
   "type": "Feature",
   "id": 170,
   "geometry": {
    "type": "LineString",
    "coordinates": [
     [
      73.5507415766254,
      4.23358011916514
     ],
     [
      73.5507169899771,
      4.23358705498177
     ],
     [
      73.550679118121,
      4.23359773811146
     ],
     [
      73.5501254863073,
      4.23375391317994
     ],
     [
      73.5501211598212,
      4.23375477328131
     ],
     [
      73.5501176391252,
      4.23375490866634
     ],
     [
      73.5501141410809,
      4.23375448970068
     ],
     [
      73.5501107512501,
      4.23375352558878
     ],
     [
      73.5501075533625,
      4.23375204181072
     ],
     [
      73.5501046257243,
      4.23375007378475
     ],
     [
      73.5501020412118,
      4.23374767048484
     ],
     [
      73.5500998627734,
      4.23374489081466
     ],
     [
      73.5500981443306,
      4.23374180360927
     ],
     [
      73.5500966215554,
      4.23373764777791
     ],
     [
      73.5500076106846,
      4.23341959283996
     ],
     [
      73.5499893354824,
      4.23335429119784
     ]
    ]
   },
   "properties": {
    "FID": 170,
    "OBJECTID_1": 0,
    "Road_Names": " ",
    "UPDEC": 0,
    "Phase": " ",
    "Shape__Length": 119.17755777519874
   }
  },
  {
   "type": "Feature",
   "id": 171,
   "geometry": {
    "type": "LineString",
    "coordinates": [
     [
      73.5505657663286,
      4.23319168523985
     ],
     [
      73.5505312193994,
      4.23320143041604
     ],
     [
      73.5496572369335,
      4.23344797372885
     ],
     [
      73.5495549057062,
      4.2334768407627
     ],
     [
      73.5505657663286,
      4.23319168523985
     ],
     [
      73.5505904872567,
      4.2331847116914
     ]
    ]
   },
   "properties": {
    "FID": 171,
    "OBJECTID_1": 0,
    "Road_Names": " ",
    "UPDEC": 0,
    "Phase": " ",
    "Shape__Length": 235.97078256857574
   }
  },
  {
   "type": "Feature",
   "id": 172,
   "geometry": {
    "type": "LineString",
    "coordinates": [
     [
      73.5508574970476,
      4.2339777931445
     ],
     [
      73.5508822234119,
      4.2339708177959
     ]
    ]
   },
   "properties": {
    "FID": 172,
    "OBJECTID_1": 0,
    "Road_Names": " ",
    "UPDEC": 0,
    "Phase": " ",
    "Shape__Length": 2.851147228743913
   }
  },
  {
   "type": "Feature",
   "id": 173,
   "geometry": {
    "type": "LineString",
    "coordinates": [
     [
      73.5503414259057,
      4.23281045154634
     ],
     [
      73.5495419374755,
      4.23303598080402
     ],
     [
      73.5494398911209,
      4.23306476697916
     ],
     [
      73.5503414259057,
      4.23281045154634
     ],
     [
      73.5504190199064,
      4.23278856240697
     ]
    ]
   },
   "properties": {
    "FID": 173,
    "OBJECTID_1": 0,
    "Road_Names": " ",
    "UPDEC": 0,
    "Phase": " ",
    "Shape__Length": 216.85533764395876
   }
  },
  {
   "type": "Feature",
   "id": 174,
   "geometry": {
    "type": "LineString",
    "coordinates": [
     [
      73.5501828031559,
      4.23243247301768
     ],
     [
      73.5494314383725,
      4.2326444262447
     ],
     [
      73.5494305333175,
      4.23264476098074
     ],
     [
      73.5493305141954,
      4.23267289618108
     ],
     [
      73.5501828031559,
      4.23243247301768
     ],
     [
      73.5502587973029,
      4.23241103579257
     ]
    ]
   },
   "properties": {
    "FID": 174,
    "OBJECTID_1": 0,
    "Road_Names": " ",
    "UPDEC": 0,
    "Phase": " ",
    "Shape__Length": 205.31439845771718
   }
  },
  {
   "type": "Feature",
   "id": 175,
   "geometry": {
    "type": "LineString",
    "coordinates": [
     [
      73.549768800148,
      4.23244567392221
     ],
     [
      73.5495048445554,
      4.23150250434537
     ],
     [
      73.5494849595047,
      4.23143145137506
     ],
     [
      73.5497956688463,
      4.23254168045659
     ]
    ]
   },
   "properties": {
    "FID": 175,
    "OBJECTID_1": 0,
    "Road_Names": " ",
    "UPDEC": 0,
    "Phase": " ",
    "Shape__Length": 243.99984200026373
   }
  },
  {
   "type": "Feature",
   "id": 176,
   "geometry": {
    "type": "LineString",
    "coordinates": [
     [
      73.5434910673891,
      4.22623685481683
     ],
     [
      73.5424855312916,
      4.22652049218275
     ],
     [
      73.5424161388992,
      4.22654006549403
     ],
     [
      73.5434910673891,
      4.22623685481683
     ],
     [
      73.5436212465795,
      4.2262001345291
     ]
    ]
   },
   "properties": {
    "FID": 176,
    "OBJECTID_1": 0,
    "Road_Names": "Dhigu Thiyara Magu 02 Goalhi",
    "UPDEC": 1,
    "Phase": " ",
    "Shape__Length": 262.90785891299055
   }
  },
  {
   "type": "Feature",
   "id": 177,
   "geometry": {
    "type": "LineString",
    "coordinates": [
     [
      73.5432255824709,
      4.22736597205268
     ],
     [
      73.5432595479046,
      4.22745617932577
     ],
     [
      73.5432673633969,
      4.22747693623905
     ],
     [
      73.5433119370064,
      4.22759651277075
     ],
     [
      73.5433686043653,
      4.22773188825981
     ],
     [
      73.5434305828924,
      4.22786489610317
     ],
     [
      73.5434977756924,
      4.22799532720365
     ],
     [
      73.5435700777559,
      4.22812297606623
     ],
     [
      73.5436473732582,
      4.22824763988853
     ],
     [
      73.5437295409579,
      4.22836912218861
     ],
     [
      73.5438164505948,
      4.22848723189373
     ],
     [
      73.5439079646954,
      4.22860178153504
     ],
     [
      73.544003792947,
      4.22871242237436
     ],
     [
      73.5440802836941,
      4.22879195737221
     ],
     [
      73.5441610653876,
      4.22886698029419
     ],
     [
      73.5442459347839,
      4.22893730806952
     ],
     [
      73.5443346211574,
      4.22900271499396
     ],
     [
      73.5444268438391,
      4.22906299343236
     ],
     [
      73.5445223059148,
      4.22911795199803
     ],
     [
      73.5446207050359,
      4.22916741466868
     ],
     [
      73.5447217280086,
      4.22921122439388
     ],
     [
      73.5448250525999,
      4.22924924038528
     ],
     [
      73.5449303484286,
      4.22928134354463
     ],
     [
      73.5450372805806,
      4.22930743013997
     ],
     [
      73.5451455086993,
      4.22932741632577
     ],
     [
      73.5452546887825,
      4.22934124085959
     ],
     [
      73.54536548649,
      4.22934892850588
     ],
     [
      73.5454306743278,
      4.22935049899919
     ],
     [
      73.5454432984847,
      4.22934952157217
     ],
     [
      73.5454565449885,
      4.229346194801
     ],
     [
      73.5455640193924,
      4.22931920360194
     ]
    ]
   },
   "properties": {
    "FID": 177,
    "OBJECTID_1": 0,
    "Road_Names": "Dhaburuh maa Hingun",
    "UPDEC": 1,
    "Phase": " ",
    "Shape__Length": 366.94447352076384
   }
  },
  {
   "type": "Feature",
   "id": 178,
   "geometry": {
    "type": "LineString",
    "coordinates": [
     [
      73.542031532353,
      4.233745318731
     ],
     [
      73.5419775766372,
      4.23380392452987
     ],
     [
      73.5410058334241,
      4.23485941912705
     ],
     [
      73.5409094803018,
      4.23494531790116
     ],
     [
      73.5404534658371,
      4.2354399707492
     ],
     [
      73.5402848870703,
      4.23562283362159
     ],
     [
      73.5399856989854,
      4.23594737088707
     ],
     [
      73.5399165291793,
      4.23604135270993
     ],
     [
      73.5399164803821,
      4.23604143401273
     ],
     [
      73.5399103069965,
      4.23604912321883
     ],
     [
      73.5397383781734,
      4.23623561790503
     ],
     [
      73.5397311090089,
      4.23624350309818
     ],
     [
      73.5396570182268,
      4.23632387084717
     ],
     [
      73.5396483717864,
      4.23633506802142
     ],
     [
      73.5396425279468,
      4.23634619995197
     ],
     [
      73.5396424971372,
      4.23634629666335
     ]
    ]
   },
   "properties": {
    "FID": 178,
    "OBJECTID_1": 0,
    "Road_Names": "Kashikeyo Maa Hingun",
    "UPDEC": 1,
    "Phase": " ",
    "Shape__Length": 391.41297356558533
   }
  },
  {
   "type": "Feature",
   "id": 179,
   "geometry": {
    "type": "LineString",
    "coordinates": [
     [
      73.5442950096256,
      4.2331957262535
     ],
     [
      73.5442391859016,
      4.23314385558237
     ],
     [
      73.5442065848215,
      4.23311356310243
     ],
     [
      73.5433505207555,
      4.23231812137385
     ],
     [
      73.5432829905488,
      4.23226838287854
     ],
     [
      73.5432119030187,
      4.2322248942524
     ],
     [
      73.5431373698379,
      4.23218767107914
     ],
     [
      73.5430599372978,
      4.23215698570399
     ],
     [
      73.5429801742957,
      4.23213306439087
     ],
     [
      73.5428986651359,
      4.23211608369138
     ],
     [
      73.5428160068333,
      4.23210616682219
     ],
     [
      73.5427328073091,
      4.23210338547046
     ],
     [
      73.5426496763786,
      4.23210776158564
     ],
     [
      73.5425672221568,
      4.23211926285083
     ],
     [
      73.5424860510554,
      4.23213780449157
     ],
     [
      73.5424067578698,
      4.23216325106592
     ],
     [
      73.542329923079,
      4.23219541555497
     ],
     [
      73.5422561119393,
      4.23223406207439
     ],
     [
      73.5421858654749,
      4.23227890676174
     ],
     [
      73.5421196986693,
      4.23232962139068
     ],
     [
      73.5420580959597,
      4.23238583426674
     ],
     [
      73.542001509432,
      4.23244713203274
     ],
     [
      73.5419503552054,
      4.23251306599266
     ],
     [
      73.5419050080264,
      4.23258315300578
     ],
     [
      73.5418657994632,
      4.23265687729198
     ],
     [
      73.5418330169883,
      4.23273369947395
     ],
     [
      73.54180690398,
      4.23281305567259
     ],
     [
      73.5417876479981,
      4.23289436472018
     ],
     [
      73.5417753933923,
      4.23297702999269
     ],
     [
      73.5417702268818,
      4.23306044300028
     ],
     [
      73.5417721901433,
      4.23314399607229
     ],
     [
      73.5417812663153,
      4.233227073288
     ],
     [
      73.5417973889778,
      4.23330906586805
     ],
     [
      73.5418204403484,
      4.23338937307551
     ],
     [
      73.5418502512777,
      4.23346740492897
     ],
     [
      73.5418866039343,
      4.23354259125153
     ],
     [
      73.5419292300099,
      4.23361437804984
     ],
     [
      73.541977817,
      4.23368224109181
     ],
     [
      73.5420323569763,
      4.23374608540072
     ],
     [
      73.5428893022315,
      4.23454246091982
     ],
     [
      73.5429220966159,
      4.23457293741307
     ],
     [
      73.5429741379684,
      4.23462130015476
     ]
    ]
   },
   "properties": {
    "FID": 179,
    "OBJECTID_1": 0,
    "Road_Names": "Rangu Veyo Hingun",
    "UPDEC": 1,
    "Phase": " ",
    "Shape__Length": 608.8756782781842
   }
  },
  {
   "type": "Feature",
   "id": 180,
   "geometry": {
    "type": "LineString",
    "coordinates": [
     [
      73.5460366580382,
      4.2396150117125
     ],
     [
      73.5460641342361,
      4.23999874803046
     ]
    ]
   },
   "properties": {
    "FID": 180,
    "OBJECTID_1": 0,
    "Road_Names": " ",
    "UPDEC": 0,
    "Phase": " ",
    "Shape__Length": 42.53988372536452
   }
  },
  {
   "type": "Feature",
   "id": 181,
   "geometry": {
    "type": "LineString",
    "coordinates": [
     [
      73.549444631226,
      4.23909174749256
     ],
     [
      73.5493382762919,
      4.23832663280808
     ]
    ]
   },
   "properties": {
    "FID": 181,
    "OBJECTID_1": 0,
    "Road_Names": " ",
    "UPDEC": 0,
    "Phase": " ",
    "Shape__Length": 85.41978102586103
   }
  },
  {
   "type": "Feature",
   "id": 182,
   "geometry": {
    "type": "LineString",
    "coordinates": [
     [
      73.54485268347,
      4.23994819556845
     ],
     [
      73.5450001287814,
      4.23954497216653
     ]
    ]
   },
   "properties": {
    "FID": 182,
    "OBJECTID_1": 0,
    "Road_Names": " ",
    "UPDEC": 0,
    "Phase": " ",
    "Shape__Length": 47.49457873189249
   }
  },
  {
   "type": "Feature",
   "id": 183,
   "geometry": {
    "type": "LineString",
    "coordinates": [
     [
      73.5389335723116,
      4.23431953083625
     ],
     [
      73.5385561444978,
      4.23369804375318
     ],
     [
      73.5384773180685,
      4.2335682433266
     ],
     [
      73.5381915727697,
      4.23309772289106
     ],
     [
      73.5381007753154,
      4.2329141872814
     ],
     [
      73.5373157164473,
      4.23132728409692
     ],
     [
      73.5368916122939,
      4.23047000626422
     ],
     [
      73.5367424566984,
      4.23012030468872
     ],
     [
      73.5366913877956,
      4.23000057019004
     ],
     [
      73.5355833904079,
      4.22740280734849
     ],
     [
      73.5351525957699,
      4.22644443743764
     ],
     [
      73.5340662121655,
      4.22425446862317
     ],
     [
      73.5339994650613,
      4.22411991689941
     ],
     [
      73.5338104155155,
      4.22373882205689
     ],
     [
      73.5335799135544,
      4.2229662164883
     ],
     [
      73.533290343069,
      4.22226649137047
     ],
     [
      73.5331273883356,
      4.22145430034845
     ],
     [
      73.5331243877205,
      4.22144375584919
     ],
     [
      73.5331192270741,
      4.2214326736738
     ],
     [
      73.5331123819106,
      4.22142255329131
     ],
     [
      73.5331040283076,
      4.22141365097641
     ],
     [
      73.5330943739385,
      4.22140618688808
     ],
     [
      73.5330836652592,
      4.22140035593589
     ],
     [
      73.5330721713474,
      4.22139629880898
     ],
     [
      73.5330614202523,
      4.22139434759604
     ],
     [
      73.5329933481039,
      4.22138753263091
     ],
     [
      73.5329735894945,
      4.22138479564004
     ],
     [
      73.532956617675,
      4.22137934714516
     ],
     [
      73.5329408294506,
      4.22137105659358
     ],
     [
      73.5329266918794,
      4.22136016995824
     ],
     [
      73.5329146241338,
      4.22134700909001
     ],
     [
      73.5329049840009,
      4.22133196536121
     ],
     [
      73.5328980571012,
      4.22131548427089
     ],
     [
      73.5328940497027,
      4.22129805457831
     ],
     [
      73.5328930797419,
      4.22128019291158
     ],
     [
      73.53289517595,
      4.22126242929567
     ],
     [
      73.5329002769844,
      4.22124528996754
     ],
     [
      73.5329082296545,
      4.22122928290249
     ],
     [
      73.5329188015599,
      4.22121488336802
     ],
     [
      73.5329316757164,
      4.22120251763465
     ],
     [
      73.5329464730963,
      4.22119255216595
     ],
     [
      73.5329627526471,
      4.22118528367039
     ],
     [
      73.5329800338355,
      4.22118092648255
     ],
     [
      73.5329978020572,
      4.22117960986024
     ],
     [
      73.5330155329656,
      4.22118137441293
     ],
     [
      73.5330326996898,
      4.2211861657848
     ],
     [
      73.5330487926372,
      4.22119384283158
     ],
     [
      73.5330633357079,
      4.22120417765127
     ],
     [
      73.5330758961884,
      4.22121686374233
     ],
     [
      73.5330861036497,
      4.22123152598765
     ],
     [
      73.5330936544377,
      4.2212477278982
     ],
     [
      73.5330983251499,
      4.22126499063054
     ],
     [
      73.5330999762232,
      4.22128280113317
     ],
     [
      73.5330979916847,
      4.22130778016124
     ],
     [
      73.5331381094366,
      4.22150773101583
     ]
    ]
   },
   "properties": {
    "FID": 183,
    "OBJECTID_1": 0,
    "Road_Names": " ",
    "UPDEC": 0,
    "Phase": " ",
    "Shape__Length": 1663.7228502103578
   }
  },
  {
   "type": "Feature",
   "id": 184,
   "geometry": {
    "type": "LineString",
    "coordinates": [
     [
      73.5389335723116,
      4.23431953083625
     ],
     [
      73.5389320964105,
      4.23431731500598
     ],
     [
      73.5389350013054,
      4.23432130071409
     ],
     [
      73.5389375774643,
      4.23432381074225
     ],
     [
      73.5398708312812,
      4.23509100549231
     ]
    ]
   },
   "properties": {
    "FID": 184,
    "OBJECTID_1": 0,
    "Road_Names": " ",
    "UPDEC": 0,
    "Phase": " ",
    "Shape__Length": 135.13897842450567
   }
  },
  {
   "type": "Feature",
   "id": 185,
   "geometry": {
    "type": "LineString",
    "coordinates": [
     [
      73.5398708312812,
      4.23509100549231
     ],
     [
      73.539959990995,
      4.23518405477054
     ],
     [
      73.5402678384126,
      4.23543712572769
     ],
     [
      73.5403749295912,
      4.23552516147085
     ]
    ]
   },
   "properties": {
    "FID": 185,
    "OBJECTID_1": 0,
    "Road_Names": " ",
    "UPDEC": 0,
    "Phase": " ",
    "Shape__Length": 73.81023994516444
   }
  },
  {
   "type": "Feature",
   "id": 186,
   "geometry": {
    "type": "MultiLineString",
    "coordinates": [
     [
      [
       73.5147575255712,
       4.16997562268396
      ],
      [
       73.5155651382447,
       4.17010644137799
      ],
      [
       73.5161846170817,
       4.17022557164303
      ],
      [
       73.5165105603086,
       4.17027926888209
      ]
     ],
     [
      [
       73.5165105603086,
       4.17027926888209
      ],
      [
       73.5173699585307,
       4.17042084741582
      ],
      [
       73.5177423937973,
       4.17048571164467
      ],
      [
       73.5181135878071,
       4.17055738698691
      ],
      [
       73.5184834181112,
       4.17063584970236
      ],
      [
       73.5188517613614,
       4.17072107514494
      ],
      [
       73.519218494221,
       4.17081303233805
      ],
      [
       73.5195834951494,
       4.1709116930218
      ],
      [
       73.5199466435167,
       4.17101702351185
      ],
      [
       73.5203078168944,
       4.17112898831181
      ],
      [
       73.5206668955592,
       4.17124755012177
      ],
      [
       73.5210237606901,
       4.1713726707393
      ],
      [
       73.5213782925732,
       4.17150430743837
      ],
      [
       73.5217303741982,
       4.17164241659385
      ],
      [
       73.5220798867583,
       4.17178695186412
      ],
      [
       73.5224267159511,
       4.17193786601176
      ],
      [
       73.5227707447807,
       4.1720951072724
      ],
      [
       73.5231118589491,
       4.17225862569561
      ],
      [
       73.5234499450707,
       4.17242836500202
      ],
      [
       73.5237848915609,
       4.17260426891567
      ],
      [
       73.5241165850367,
       4.17278627934857
      ],
      [
       73.5244449166233,
       4.17297433550795
      ],
      [
       73.5247697765464,
       4.17316837569511
      ],
      [
       73.5250910559406,
       4.17336833369103
      ],
      [
       73.5278495013467,
       4.17512029981308
      ],
      [
       73.5278533034341,
       4.17512271352628
      ],
      [
       73.5279283500759,
       4.17517038631092
      ],
      [
       73.5280033759536,
       4.17521808980161
      ],
      [
       73.5280783638942,
       4.17526585561964
      ],
      [
       73.5281532931263,
       4.17531371266633
      ],
      [
       73.5282281446769,
       4.17536169165518
      ],
      [
       73.5283029004754,
       4.17540982239703
      ],
      [
       73.528377539749,
       4.17545813469764
      ],
      [
       73.5284520426254,
       4.17550665836448
      ],
      [
       73.5285263892343,
       4.17555542230063
      ],
      [
       73.5286005606043,
       4.17560445631524
      ],
      [
       73.5286745341627,
       4.17565378930638
      ],
      [
       73.528748290039,
       4.17570345017714
      ],
      [
       73.5288218065614,
       4.17575346782728
      ],
      [
       73.5288950620613,
       4.17580386934778
      ],
      [
       73.5289680348666,
       4.17585468363838
      ],
      [
       73.5290209261827,
       4.17589199029478
      ]
     ],
     [
      [
       73.5167347422469,
       4.17244124649136
      ],
      [
       73.5165105603086,
       4.17027926888209
      ]
     ],
     [
      [
       73.5290209631843,
       4.17589195238003
      ],
      [
       73.5290209261827,
       4.17589199029478
      ]
     ],
     [
      [
       73.5290209261827,
       4.17589199029478
      ],
      [
       73.529040700605,
       4.17590593868943
      ],
      [
       73.5291130376094,
       4.17595766068754
      ],
      [
       73.5291850215092,
       4.17600987671866
      ],
      [
       73.5291962071613,
       4.17601806070822
      ],
      [
       73.5291998547465,
       4.17602073368663
      ],
      [
       73.5294018331047,
       4.17617205492013
      ],
      [
       73.5296006448343,
       4.17632754573706
      ],
      [
       73.529796204488,
       4.17648713905525
      ],
      [
       73.5299884284196,
       4.17665076779592
      ],
      [
       73.5301772338903,
       4.17681836126435
      ]
     ],
     [
      [
       73.5290209261827,
       4.17589199029478
      ],
      [
       73.528054137498,
       4.17687802710199
      ]
     ],
     [
      [
       73.5301764845442,
       4.17681831644773
      ],
      [
       73.5301798324119,
       4.17682135152065
      ],
      [
       73.530193122224,
       4.17683342379256
      ],
      [
       73.5302800785531,
       4.17691328693553
      ],
      [
       73.5303662992947,
       4.17699394998142
      ],
      [
       73.5304518079406,
       4.17707537408591
      ],
      [
       73.5305366306899,
       4.17715751769659
      ],
      [
       73.5306207955399,
       4.17724034107321
      ],
      [
       73.5307043295856,
       4.17732380537817
      ],
      [
       73.5307872617216,
       4.17740787268161
      ],
      [
       73.5308696217416,
       4.17749250595974
      ],
      [
       73.5309514394395,
       4.17757766818877
      ],
      [
       73.5310327446089,
       4.17766332234485
      ],
      [
       73.5311135706417,
       4.17774943412407
      ],
      [
       73.5311939473299,
       4.17783596740696
      ],
      [
       73.5312739080637,
       4.17792288879396
      ],
      [
       73.5313534862347,
       4.17801016398109
      ],
      [
       73.5314327152349,
       4.17809775866436
      ],
      [
       73.5315116275518,
       4.17818564034688
      ],
      [
       73.5315902583754,
       4.17827377653675
      ],
      [
       73.5316686410943,
       4.17836213473873
      ],
      [
       73.531746811799,
       4.17845068246261
      ],
      [
       73.5318068510464,
       4.17851893972009
      ],
      [
       73.5321727575246,
       4.17895146169792
      ],
      [
       73.5325340993725,
       4.17938783410641
      ],
      [
       73.5328908370374,
       4.17982800984856
      ],
      [
       73.5332429300692,
       4.18027194001691
      ],
      [
       73.5335903398221,
       4.18071957389842
      ]
     ],
     [
      [
       73.5335908063597,
       4.18072008936936
      ],
      [
       73.5337260621553,
       4.18090085864665
      ],
      [
       73.5337662480527,
       4.18095456234323
      ],
      [
       73.5338064348558,
       4.18100826604129
      ],
      [
       73.5338270121165,
       4.18103576543426
      ],
      [
       73.5338589909365,
       4.18108329667961
      ],
      [
       73.5339850468365,
       4.18127064170574
      ],
      [
       73.5340427235078,
       4.18135454674956
      ],
      [
       73.5341129607073,
       4.18145672406907
      ],
      [
       73.5342236815561,
       4.18161625303877
      ],
      [
       73.5342417044228,
       4.18164222013406
      ],
      [
       73.5343661190261,
       4.18183067448219
      ],
      [
       73.5344903442849,
       4.18201925509019
      ],
      [
       73.5345458285313,
       4.18210464555409
      ],
      [
       73.5346133881347,
       4.18220862030339
      ],
      [
       73.5347339790219,
       4.18239956360224
      ],
      [
       73.5348523424711,
       4.1825919045322
      ],
      [
       73.5349688482637,
       4.18278539055774
      ],
      [
       73.5350204196406,
       4.18287322277884
      ],
      [
       73.5350832079022,
       4.1829801567973
      ],
      [
       73.5351536541832,
       4.1831027700727
      ],
      [
       73.5351952501054,
       4.18317627528176
      ],
      [
       73.5353055520153,
       4.18337339438097
      ],
      [
       73.5354138702395,
       4.18357161312229
      ],
      [
       73.5354618889222,
       4.1836614663341
      ],
      [
       73.5355203400589,
       4.18377084132064
      ],
      [
       73.5356251959394,
       4.18397093471328
      ],
      [
       73.535728284649,
       4.18417194727693
      ],
      [
       73.535829822588,
       4.18437376184658
      ],
      [
       73.5358750985724,
       4.18446503434146
      ],
      [
       73.5358836759899,
       4.18448232603795
      ],
      [
       73.5359298368622,
       4.18457633325384
      ],
      [
       73.5360284356627,
       4.18477960743822
      ],
      [
       73.5361257272146,
       4.18498351225147
      ],
      [
       73.5362216935015,
       4.18518804766009
      ],
      [
       73.536264026335,
       4.18527953894052
      ],
      [
       73.5362644829904,
       4.18528052738829
      ],
      [
       73.5362649405482,
       4.18528151493335
      ],
      [
       73.5363165689397,
       4.18539309653261
      ],
      [
       73.5364103084563,
       4.18559867687256
      ],
      [
       73.5365029842126,
       4.18580473455188
      ],
      [
       73.5365238416427,
       4.18585171682087
      ]
     ],
     [
      [
       73.5365238416427,
       4.18585171682087
      ],
      [
       73.5365776818771,
       4.18599897076887
      ],
      [
       73.5365783862531,
       4.18600092466364
      ],
      [
       73.5365791218669,
       4.18600303417184
      ],
      [
       73.5366172689155,
       4.18611245165937
      ],
      [
       73.5368182867285,
       4.1866890233706
      ],
      [
       73.5369155499434,
       4.18696800061846
      ],
      [
       73.5369404524071,
       4.18703942796819
      ],
      [
       73.5369402269409,
       4.18703909020888
      ],
      [
       73.5369406595425,
       4.18704042047094
      ],
      [
       73.5369651369218,
       4.18711568615761
      ],
      [
       73.5370412556668,
       4.18730532986668
      ],
      [
       73.5372074769592,
       4.18771945613612
      ],
      [
       73.5372432701531,
       4.18780863081748
      ],
      [
       73.5374516813147,
       4.18832787007281
      ],
      [
       73.5375799604269,
       4.18864746640834
      ],
      [
       73.537790837591,
       4.18917284842667
      ],
      [
       73.5379166511592,
       4.18948630118427
      ],
      [
       73.5379186954679,
       4.18949139310696
      ],
      [
       73.5380513279391,
       4.18982183584385
      ],
      [
       73.5380870405547,
       4.18991081143225
      ],
      [
       73.5381285003235,
       4.19000016224984
      ],
      [
       73.53812893576,
       4.19000093722252
      ],
      [
       73.5381297727084,
       4.19000280816267
      ],
      [
       73.5381965412793,
       4.19015197023584
      ],
      [
       73.5382704943672,
       4.19031718420736
      ],
      [
       73.5384183997097,
       4.19064761034962
      ],
      [
       73.5384348579627,
       4.19068437837368
      ],
      [
       73.5384354502087,
       4.19068559859969
      ],
      [
       73.5384362565184,
       4.19068747671774
      ],
      [
       73.5386330449029,
       4.19114568245916
      ],
      [
       73.5387741826536,
       4.19147431160414
      ]
     ],
     [
      [
       73.5365238416427,
       4.18585171682087
      ],
      [
       73.5365969248017,
       4.18599035902883
      ],
      [
       73.5365980323987,
       4.18599248732125
      ],
      [
       73.5365990438689,
       4.18599447796655
      ],
      [
       73.5366515074646,
       4.18609774799391
      ],
      [
       73.5369279574515,
       4.18664192462248
      ],
      [
       73.5370617202344,
       4.18690522749632
      ],
      [
       73.537095967559,
       4.18697264147682
      ],
      [
       73.5370972854041,
       4.18697554251146
      ],
      [
       73.537097892886,
       4.18697680255854
      ],
      [
       73.5371322330305,
       4.18704807755105
      ],
      [
       73.5372083518206,
       4.18723772125601
      ],
      [
       73.5373745732114,
       4.18765184751645
      ],
      [
       73.5374103664264,
       4.18774102219587
      ],
      [
       73.5376187777115,
       4.1882602614399
      ],
      [
       73.5377470568996,
       4.18857985776845
      ],
      [
       73.5379579341886,
       4.18910523977534
      ],
      [
       73.5380837478297,
       4.18941869343048
      ],
      [
       73.5380857921412,
       4.18942378444867
      ],
      [
       73.538218424691,
       4.18975422717836
      ],
      [
       73.5382541373277,
       4.18984320276481
      ],
      [
       73.5382859696083,
       4.18993644885191
      ],
      [
       73.5382870530575,
       4.18993945797562
      ],
      [
       73.538287688988,
       4.18994140722132
      ],
      [
       73.5383383986896,
       4.19009681298127
      ],
      [
       73.5383945657717,
       4.19026894208145
      ],
      [
       73.5385068990753,
       4.1906131993873
      ],
      [
       73.5385193991682,
       4.190651506508
      ],
      [
       73.5385202789121,
       4.19065410104015
      ],
      [
       73.5385208833079,
       4.19065605474896
      ],
      [
       73.5386683896181,
       4.19113255900117
      ],
      [
       73.5387741826536,
       4.19147431160414
      ]
     ],
     [
      [
       73.5387741826536,
       4.19147431160414
      ],
      [
       73.5388297865332,
       4.19162526791432
      ],
      [
       73.5388418797532,
       4.19165809819783
      ],
      [
       73.538955141063,
       4.19199022852967
      ],
      [
       73.5392469238835,
       4.19284585551069
      ],
      [
       73.5393939061827,
       4.19327686809751
      ],
      [
       73.5395310447784,
       4.19370403852038
      ],
      [
       73.5395395843173,
       4.19373063814791
      ],
      [
       73.5397995487196,
       4.19456731304787
      ],
      [
       73.5399946233829,
       4.19519514595605
      ],
      [
       73.5400678032898,
       4.19543066678995
      ],
      [
       73.5403360617554,
       4.19629402063433
      ],
      [
       73.540604320515,
       4.19715737366982
      ],
      [
       73.5406579721215,
       4.19733004446891
      ],
      [
       73.5408725786646,
       4.19802072770345
      ],
      [
       73.5410584948079,
       4.19861907146114
      ],
      [
       73.5410704256791,
       4.1986588634693
      ],
      [
       73.5410815607261,
       4.19869888732052
      ],
      [
       73.5410918972767,
       4.19873912673075
      ],
      [
       73.5411014290555,
       4.19877956540923
      ],
      [
       73.5411101542895,
       4.19882018797799
      ],
      [
       73.5411180685064,
       4.19886097724521
      ],
      [
       73.5411229864559,
       4.19888880731633
      ],
      [
       73.5411295319246,
       4.1989298409199
      ],
      [
       73.5411352574504,
       4.19897099689002
      ],
      [
       73.54114016306,
       4.19901226075646
      ],
      [
       73.5411442451854,
       4.19905361352033
      ],
      [
       73.5411454881804,
       4.1990682118076
      ],
      [
       73.5411484549523,
       4.19910966106192
      ],
      [
       73.5411505956079,
       4.19915116122425
      ],
      [
       73.5411519083757,
       4.19919269601221
      ],
      [
       73.5411521843731,
       4.19921626766148
      ]
     ]
    ]
   },
   "properties": {
    "FID": 186,
    "OBJECTID_1": -1,
    "Road_Names": "Midhili Magu",
    "UPDEC": 1,
    "Phase": "P1",
    "Shape__Length": 5761.978970335115
   }
  },
  {
   "type": "Feature",
   "id": 187,
   "geometry": {
    "type": "LineString",
    "coordinates": [
     [
      73.5469549475431,
      4.2392062990235
     ],
     [
      73.5471218034858,
      4.23980411513583
     ]
    ]
   },
   "properties": {
    "FID": 187,
    "OBJECTID_1": 0,
    "Road_Names": " ",
    "UPDEC": 0,
    "Phase": " ",
    "Shape__Length": 68.6476026721029
   }
  },
  {
   "type": "Feature",
   "id": 188,
   "geometry": {
    "type": "MultiLineString",
    "coordinates": [
     [
      [
       73.5493380032504,
       4.23832668022787
      ],
      [
       73.549264426688,
       4.23834067040174
      ],
      [
       73.5491528896331,
       4.23836105111907
      ],
      [
       73.5489292503492,
       4.23840489812989
      ],
      [
       73.5487069797804,
       4.23845531895808
      ],
      [
       73.5484862707794,
       4.23851227055471
      ],
      [
       73.5482673135068,
       4.23857570443969
      ],
      [
       73.5481915652469,
       4.23859922994537
      ],
      [
       73.5481157989547,
       4.23862276264323
      ],
      [
       73.5479801563815,
       4.23865958852306
      ],
      [
       73.5478464661414,
       4.2387030490524
      ],
      [
       73.5477150500251,
       4.23875303902263
      ],
      [
       73.5475862235447,
       4.23880943874338
      ],
      [
       73.5474602959367,
       4.23887211223366
      ],
      [
       73.5473375719593,
       4.23894090993846
      ],
      [
       73.5472183455947,
       4.23901566419492
      ],
      [
       73.5471029036372,
       4.2390961973786
      ],
      [
       73.5469915230045,
       4.23918231466327
      ],
      [
       73.5469549475431,
       4.2392062990235
      ],
      [
       73.5468711510164,
       4.23926124949807
      ],
      [
       73.5467492861013,
       4.23933451638332
      ],
      [
       73.5466239734226,
       4.23940164768516
      ],
      [
       73.546495517774,
       4.23946247847289
      ],
      [
       73.5463642347289,
       4.2395168601155
      ],
      [
       73.5462304443365,
       4.23956465936532
      ],
      [
       73.5460944729199,
       4.23960576017027
      ],
      [
       73.5460366499273,
       4.239615013506
      ],
      [
       73.5459607453665,
       4.23962716028825
      ],
      [
       73.545831918529,
       4.23963931226162
      ],
      [
       73.5457026328872,
       4.23964438738806
      ],
      [
       73.5455732722297,
       4.23964237011273
      ],
      [
       73.5454442221076,
       4.23963326568541
      ],
      [
       73.5453158680294,
       4.23961710196575
      ],
      [
       73.5451885900599,
       4.23959392760445
      ],
      [
       73.5450627691267,
       4.2395638111506
      ],
      [
       73.5450001287814,
       4.23954497216653
      ],
      [
       73.5449281385322,
       4.23952332098271
      ],
      [
       73.5448160730735,
       4.23948277295252
      ],
      [
       73.5447061837293,
       4.23943661636155
      ],
      [
       73.5445987495406,
       4.23938496840398
      ],
      [
       73.544494039613,
       4.23932795982122
      ],
      [
       73.5443923203245,
       4.23926573491541
      ],
      [
       73.5442938472203,
       4.23919844972536
      ],
      [
       73.5441988704118,
       4.23912627565425
      ],
      [
       73.5441076291832,
       4.23904939312874
      ],
      [
       73.5440203537809,
       4.23896799793306
      ],
      [
       73.5439680067296,
       4.23891628108673
      ]
     ],
     [
      [
       73.5503640776627,
       4.23853046362847
      ],
      [
       73.5503583601426,
       4.23852751723127
      ]
     ],
     [
      [
       73.5503640776627,
       4.23853046362847
      ],
      [
       73.5500590639329,
       4.23837177845719
      ],
      [
       73.55001657522,
       4.23835674361119
      ],
      [
       73.5499404156598,
       4.23833801709702
      ],
      [
       73.5498634702438,
       4.23832285331425
      ],
      [
       73.549785905566,
       4.23831128422898
      ],
      [
       73.5496924611587,
       4.23830589758308
      ],
      [
       73.5495988656841,
       4.23830471697497
      ],
      [
       73.5495053065121,
       4.23830774366047
      ],
      [
       73.5494119701251,
       4.23831497165872
      ],
      [
       73.5493382762919,
       4.23832663280808
      ]
     ],
     [
      [
       73.5503640776627,
       4.23853046362847
      ],
      [
       73.5504324742308,
       4.2385760712914
      ],
      [
       73.5504984465002,
       4.23862514907878
      ],
      [
       73.5505618199502,
       4.23867756733546
      ],
      [
       73.550606354815,
       4.23872434931092
      ],
      [
       73.5506460497582,
       4.23877534119453
      ],
      [
       73.5506805138515,
       4.23883004031452
      ],
      [
       73.5507094084821,
       4.23888790792149
      ],
      [
       73.5507324473408,
       4.23894837551903
      ],
      [
       73.5507494054287,
       4.23901084578511
      ],
      [
       73.5507601145315,
       4.23907470432056
      ],
      [
       73.5507644695182,
       4.23913932327864
      ],
      [
       73.5507624274341,
       4.23920406498078
      ],
      [
       73.5507520446393,
       4.23926051129926
      ],
      [
       73.550735906252,
       4.23931558388911
      ],
      [
       73.5507141836342,
       4.23936868978921
      ],
      [
       73.5506871120634,
       4.23941925967256
      ],
      [
       73.5506549817194,
       4.23946675054277
      ],
      [
       73.5506181358677,
       4.23951065387007
      ],
      [
       73.5506007408658,
       4.23952749085658
      ],
      [
       73.5505962144389,
       4.23953217615871
      ]
     ],
     [
      [
       73.5505962144389,
       4.23953217615871
      ],
      [
       73.5506010496041,
       4.23952762438219
      ]
     ],
     [
      [
       73.5505962144389,
       4.23953217615871
      ],
      [
       73.5505915661653,
       4.23953698694269
      ],
      [
       73.5505811142507,
       4.23954639019077
      ]
     ],
     [
      [
       73.5505811142507,
       4.23954639019077
      ],
      [
       73.5505962144389,
       4.23953217615871
      ]
     ],
     [
      [
       73.5505811142507,
       4.23954639019077
      ],
      [
       73.550575446024,
       4.239551311204
      ]
     ],
     [
      [
       73.550575446024,
       4.239551311204
      ],
      [
       73.5505631700766,
       4.23955869332442
      ],
      [
       73.5505500476799,
       4.23956396028736
      ],
      [
       73.55053625908,
       4.23956706992486
      ],
      [
       73.5505221539472,
       4.23956794421135
      ],
      [
       73.5505080890572,
       4.23956655939827
      ],
      [
       73.5504944210747,
       4.23956295142684
      ],
      [
       73.5504814975531,
       4.23955721138919
      ],
      [
       73.5504709039635,
       4.23955030725079
      ],
      [
       73.5504683462752,
       4.23954848732963
      ],
      [
       73.5504561399498,
       4.23954122744885
      ],
      [
       73.5504438127549,
       4.23953598594712
      ],
      [
       73.5504285519385,
       4.2395319779546
      ],
      [
       73.550412991119,
       4.23953040040792
      ],
      [
       73.5503973744137,
       4.23953125828746
      ],
      [
       73.5503820784099,
       4.23953453149944
      ],
      [
       73.5503674698982,
       4.23954013933734
      ],
      [
       73.5503532989483,
       4.23954829567293
      ],
      [
       73.5503507353374,
       4.23955013762923
      ],
      [
       73.550337653235,
       4.23956181952619
      ],
      [
       73.5503271574993,
       4.23957491713437
      ],
      [
       73.5503189658929,
       4.23958957824429
      ],
      [
       73.5503133043793,
       4.23960539811225
      ],
      [
       73.550310329617,
       4.23962194021056
      ],
      [
       73.5503101226298,
       4.23963874887726
      ],
      [
       73.5503126905881,
       4.23965536017208
      ],
      [
       73.5503179703371,
       4.23967134258076
      ],
      [
       73.5503255419702,
       4.23968579182557
      ],
      [
       73.5503353493697,
       4.23969885069525
      ],
      [
       73.5503471238672,
       4.23971015331017
      ],
      [
       73.5503605588278,
       4.23971940426201
      ],
      [
       73.5503752709715,
       4.23972634779187
      ],
      [
       73.5503914990952,
       4.23973094365042
      ],
      [
       73.550408228756,
       4.2397327621541
      ],
      [
       73.5504250258276,
       4.23973176178973
      ],
      [
       73.5504414236256,
       4.23972796971694
      ],
      [
       73.5504569643273,
       4.23972149179421
      ],
      [
       73.5504712160942,
       4.23971250899364
      ],
      [
       73.5504837802892,
       4.23970127198791
      ],
      [
       73.550494307708,
       4.23968809213702
      ],
      [
       73.5505025039894,
       4.23967333878515
      ],
      [
       73.5505082319136,
       4.23965716903913
      ],
      [
       73.5505109447275,
       4.23964342102252
      ],
      [
       73.5505125814034,
       4.23963528003312
      ],
      [
       73.5505158031868,
       4.23962588491368
      ],
      [
       73.5505184360755,
       4.23961538713698
      ],
      [
       73.5505206067648,
       4.23960541032727
      ],
      [
       73.550522994783,
       4.2395938611854
      ],
      [
       73.5505254839114,
       4.23958703045416
      ],
      [
       73.5505357943117,
       4.23957670536454
      ],
      [
       73.5505476763397,
       4.23956897612227
      ],
      [
       73.5505561950543,
       4.23956392661225
      ],
      [
       73.5505650070008,
       4.23955911369947
      ],
      [
       73.5505710713839,
       4.23955430647951
      ],
      [
       73.550575446024,
       4.239551311204
      ]
     ]
    ]
   },
   "properties": {
    "FID": 188,
    "OBJECTID_1": 0,
    "Road_Names": "Dhanburuh Magu",
    "UPDEC": 1,
    "Phase": " ",
    "Shape__Length": 992.4447874275016
   }
  },
  {
   "type": "Feature",
   "id": 189,
   "geometry": {
    "type": "LineString",
    "coordinates": [
     [
      73.5497275859467,
      4.23136396932582
     ],
     [
      73.549715268176,
      4.23136631483077
     ],
     [
      73.5490206620958,
      4.23156276550387
     ]
    ]
   },
   "properties": {
    "FID": 189,
    "OBJECTID_1": 134,
    "Road_Names": " ",
    "UPDEC": 0,
    "Phase": " ",
    "Shape__Length": 81.50069035990637
   }
  },
  {
   "type": "Feature",
   "id": 190,
   "geometry": {
    "type": "MultiLineString",
    "coordinates": [
     [
      [
       73.5396424971372,
       4.23634629666335
      ],
      [
       73.5396386976696,
       4.23635818038893
      ],
      [
       73.5396369969393,
       4.23637064779602
      ],
      [
       73.5396374778171,
       4.23638322152383
      ],
      [
       73.5396401257051,
       4.23639551989258
      ],
      [
       73.5396448593255,
       4.23640717104462
      ],
      [
       73.5396515361121,
       4.23641782018983
      ],
      [
       73.5396610120565,
       4.23642831907247
      ],
      [
       73.5404507895603,
       4.23716300590215
      ],
      [
       73.5404708575279,
       4.23717540412178
      ],
      [
       73.5404926995343,
       4.23718427767044
      ],
      [
       73.5405157079824,
       4.23718937940561
      ],
      [
       73.5405392417492,
       4.23719056612628
      ]
     ],
     [
      [
       73.5405402458492,
       4.23719073985793
      ],
      [
       73.5406163746559,
       4.23726155815691
      ],
      [
       73.5414470264055,
       4.23803426639354
      ],
      [
       73.5415064956188,
       4.23808958721604
      ],
      [
       73.5415152103861,
       4.23809769344629
      ],
      [
       73.5414830442244,
       4.23812325495293
      ]
     ],
     [
      [
       73.5421775543343,
       4.23876597370268
      ],
      [
       73.5421758952325,
       4.23876777301911
      ],
      [
       73.5421165698004,
       4.23871258633617
      ],
      [
       73.5416821224052,
       4.23830844490313
      ],
      [
       73.541572589332,
       4.23820655291551
      ],
      [
       73.5415384137025,
       4.23817476145405
      ],
      [
       73.5414830442244,
       4.23812325495293
      ]
     ],
     [
      [
       73.5417587759328,
       4.23913858094753
      ],
      [
       73.5417582304079,
       4.23913837823797
      ],
      [
       73.5417471177622,
       4.23913211424009
      ],
      [
       73.5417382334461,
       4.23912506582381
      ],
      [
       73.5411577708857,
       4.2385850955988
      ],
      [
       73.5411500970453,
       4.23857674171949
      ],
      [
       73.5411430319545,
       4.2385660990757
      ],
      [
       73.5411377118092,
       4.23855447756208
      ],
      [
       73.5411342684954,
       4.23854216321507
      ],
      [
       73.5411327861194,
       4.23852946097293
      ],
      [
       73.5411333010335,
       4.23851668111003
      ],
      [
       73.5411358018343,
       4.2385041401412
      ],
      [
       73.541140224887,
       4.23849214543866
      ],
      [
       73.5411464624353,
       4.23848099434292
      ],
      [
       73.5411534813196,
       4.23847207766185
      ],
      [
       73.5414238404042,
       4.23817914473939
      ],
      [
       73.5414544533822,
       4.23814597528799
      ],
      [
       73.5414830442244,
       4.23812325495293
      ]
     ]
    ]
   },
   "properties": {
    "FID": 190,
    "OBJECTID_1": 0,
    "Road_Names": "Keesfilaa Magu",
    "UPDEC": 1,
    "Phase": " ",
    "Shape__Length": 554.7294098628772
   }
  },
  {
   "type": "Feature",
   "id": 191,
   "geometry": {
    "type": "LineString",
    "coordinates": [
     [
      73.5436404726716,
      4.22674849573128
     ],
     [
      73.5426614514572,
      4.22702538017193
     ],
     [
      73.5426455124026,
      4.22702921552953
     ],
     [
      73.5426291692222,
      4.22703045633366
     ],
     [
      73.5426128363507,
      4.22702907171096
     ],
     [
      73.5425969317029,
      4.22702509681513
     ],
     [
      73.5425818595595,
      4.22701863189038
     ],
     [
      73.5425680024581,
      4.2270098431605
     ],
     [
      73.5425557149067,
      4.22699895286874
     ],
     [
      73.5425453089696,
      4.22698623925063
     ],
     [
      73.542537224881,
      4.22697232716461
     ]
    ]
   },
   "properties": {
    "FID": 191,
    "OBJECTID_1": 180,
    "Road_Names": "Dhigu Thiyara Magu 03 Goalhi",
    "UPDEC": 1,
    "Phase": " ",
    "Shape__Length": 129.24819969368633
   }
  },
  {
   "type": "Feature",
   "id": 192,
   "geometry": {
    "type": "LineString",
    "coordinates": [
     [
      73.5378347076675,
      4.2165619261695
     ],
     [
      73.5373220503367,
      4.21670839889861
     ],
     [
      73.5373076662501,
      4.21671130381297
     ],
     [
      73.5372930063099,
      4.21671191105979
     ],
     [
      73.537278433575,
      4.21671020233132
     ],
     [
      73.5372643064819,
      4.21670622261828
     ],
     [
      73.5372509761643,
      4.21670006844788
     ],
     [
      73.5372387702283,
      4.21669189327942
     ],
     [
      73.5372279927695,
      4.21668189846051
     ],
     [
      73.5372189081637,
      4.2166703304833
     ],
     [
      73.5372117419759,
      4.21665747646427
     ],
     [
      73.5372066701695,
      4.21664365417554
     ],
     [
      73.5369740907953,
      4.21581357756729
     ],
     [
      73.5364912633711,
      4.21409036356907
     ],
     [
      73.5365775404621,
      4.21406575136911
     ],
     [
      73.5369776721095,
      4.21395160374893
     ],
     [
      73.5370860441302,
      4.21392068792143
     ]
    ]
   },
   "properties": {
    "FID": 192,
    "OBJECTID_1": 105,
    "Road_Names": "Chandhanee Maa Higun",
    "UPDEC": 1,
    "Phase": "P1",
    "Shape__Length": 437.3811078948397
   }
  },
  {
   "type": "Feature",
   "id": 193,
   "geometry": {
    "type": "LineString",
    "coordinates": [
     [
      73.544517198734,
      4.21611071505868
     ],
     [
      73.5439544167495,
      4.21627132206403
     ],
     [
      73.5439544050323,
      4.21627132565963
     ],
     [
      73.5435109802982,
      4.21639786982935
     ]
    ]
   },
   "properties": {
    "FID": 193,
    "OBJECTID_1": 62,
    "Road_Names": " ",
    "UPDEC": 0,
    "Phase": "P1",
    "Shape__Length": 116.12701268679376
   }
  },
  {
   "type": "Feature",
   "id": 194,
   "geometry": {
    "type": "LineString",
    "coordinates": [
     [
      73.5431729016396,
      4.21649377354813
     ],
     [
      73.5421463988904,
      4.21678887388983
     ]
    ]
   },
   "properties": {
    "FID": 194,
    "OBJECTID_1": 0,
    "Road_Names": " ",
    "UPDEC": 0,
    "Phase": "P1",
    "Shape__Length": 118.53345694385024
   }
  },
  {
   "type": "Feature",
   "id": 195,
   "geometry": {
    "type": "LineString",
    "coordinates": [
     [
      73.5411521843731,
      4.19921626766148
     ],
     [
      73.5411523941866,
      4.19923424914844
     ],
     [
      73.5411520530724,
      4.19927580344955
     ],
     [
      73.5411508832599,
      4.19931734353754
     ],
     [
      73.5411488865858,
      4.19935885042358
     ],
     [
      73.5411460630769,
      4.19940030963745
     ],
     [
      73.5411424145666,
      4.19944170399907
     ],
     [
      73.5411379428865,
      4.19948301723281
     ],
     [
      73.5411326480701,
      4.19952423125083
     ],
     [
      73.5411265337473,
      4.19956533158964
     ],
     [
      73.5411196026524,
      4.19960630107088
     ],
     [
      73.5411149513148,
      4.19963134036293
     ],
     [
      73.5411067064255,
      4.19967206410237
     ],
     [
      73.5410976529513,
      4.19971261358865
     ],
     [
      73.5410877936232,
      4.19975297345217
     ],
     [
      73.5410793576964,
      4.19978500473476
     ],
     [
      73.5410680605167,
      4.19982498296506
     ],
     [
      73.5410559683779,
      4.19986472546888
     ],
     [
      73.5410430876123,
      4.19990421778776
     ],
     [
      73.5410294218531,
      4.19994344364938
     ],
     [
      73.541014978335,
      4.19998238769261
     ],
     [
      73.5409997615923,
      4.2000210336468
     ],
     [
      73.5409837779589,
      4.20005936614912
     ],
     [
      73.5409670346696,
      4.20009736983837
     ],
     [
      73.5409547750849,
      4.20012396128106
     ],
     [
      73.5409388406789,
      4.20015712799448
     ],
     [
      73.5409223230972,
      4.20019000601862
     ],
     [
      73.5409052277629,
      4.20022258541527
     ],
     [
      73.5408875610017,
      4.20025485534352
     ],
     [
      73.5408693264351,
      4.20028680586184
     ],
     [
      73.5408505312878,
      4.20031842703537
     ],
     [
      73.5408311809849,
      4.20034970802156
     ],
     [
      73.540811280946,
      4.20038064069098
     ],
     [
      73.5407908383976,
      4.20041121420444
     ],
     [
      73.5407698596621,
      4.20044141952982
     ],
     [
      73.540748351065,
      4.20047124582623
     ],
     [
      73.5407263189253,
      4.20050068587031
     ],
     [
      73.5407037704695,
      4.20052972882289
     ],
     [
      73.5406876025334,
      4.2005499188934
     ],
     [
      73.5406628063607,
      4.20057861034677
     ],
     [
      73.5406037732568,
      4.20064692049297
     ],
     [
      73.5405152226781,
      4.20074938659963
     ],
     [
      73.5403676389298,
      4.20092016189695
     ],
     [
      73.5402200542116,
      4.20109093804582
     ],
     [
      73.5400783732881,
      4.20125488259504
     ],
     [
      73.5400724703285,
      4.20126171324085
     ],
     [
      73.5400218189797,
      4.20132032315559
     ],
     [
      73.5399557868799,
      4.20139673247059
     ],
     [
      73.5399544029933,
      4.20139833335969
     ],
     [
      73.5399530191067,
      4.20139993424881
     ],
     [
      73.5399152632593,
      4.20144362328107
     ],
     [
      73.5397773014575,
      4.20160326438012
     ],
     [
      73.5397411517615,
      4.20164594982261
     ],
     [
      73.5397052882432,
      4.20168829574802
     ],
     [
      73.5394973373354,
      4.20195466008174
     ],
     [
      73.5394960343913,
      4.2019563289504
     ],
     [
      73.5394947152599,
      4.20195798331847
     ],
     [
      73.5389332750564,
      4.20266250411841
     ],
     [
      73.5383705155298,
      4.20336867851452
     ],
     [
      73.5379403957955,
      4.2039084088244
     ],
     [
      73.5378517343928,
      4.2040196648255
     ],
     [
      73.5378250518171,
      4.20405314673491
     ],
     [
      73.5378077540095,
      4.20407485213513
     ],
     [
      73.5376383603929,
      4.20428741349689
     ],
     [
      73.5375046602647,
      4.20445518507729
     ],
     [
      73.5374159987287,
      4.20456644098397
     ],
     [
      73.5372449922955,
      4.20478102588779
     ],
     [
      73.5372026253104,
      4.20483418852538
     ],
     [
      73.5367270452362,
      4.20543096053997
     ],
     [
      73.536682228589,
      4.20548719796015
     ],
     [
      73.5366646706752,
      4.20550923021165
     ],
     [
      73.5364706658599,
      4.20575267308437
     ],
     [
      73.5361194637892,
      4.2061933692581
     ],
     [
      73.5360398241765,
      4.20629497212378
     ],
     [
      73.5360397582601,
      4.20629505701224
     ],
     [
      73.5360396931837,
      4.20629517446026
     ],
     [
      73.5360088034816,
      4.20635870568198
     ],
     [
      73.5359805283078,
      4.20642345189319
     ],
     [
      73.5359453015146,
      4.20651628165063
     ],
     [
      73.5359154489332,
      4.20661099179436
     ],
     [
      73.5358910693389,
      4.2067072677844
     ],
     [
      73.5358722434961,
      4.20680479233364
     ],
     [
      73.5358590323643,
      4.20690324178691
     ]
    ]
   },
   "properties": {
    "FID": 195,
    "OBJECTID_1": -1,
    "Road_Names": "Boashimaa Hingun",
    "UPDEC": 1,
    "Phase": "P1",
    "Shape__Length": 1048.4783879739932
   }
  },
  {
   "type": "Feature",
   "id": 196,
   "geometry": {
    "type": "LineString",
    "coordinates": [
     [
      73.54625727641,
      4.2216239264513
     ],
     [
      73.5463810878059,
      4.22210570320115
     ],
     [
      73.549565396157,
      4.2335144244214
     ],
     [
      73.5496248292127,
      4.23372736048195
     ],
     [
      73.549639639404,
      4.23375658027991
     ],
     [
      73.5496569349082,
      4.2337843902708
     ]
    ]
   },
   "properties": {
    "FID": 196,
    "OBJECTID_1": 1,
    "Road_Names": "Nirolhu Magu",
    "UPDEC": 1,
    "Phase": "P2",
    "Shape__Length": 1396.7893863368934
   }
  },
  {
   "type": "Feature",
   "id": 197,
   "geometry": {
    "type": "LineString",
    "coordinates": [
     [
      73.5419513884278,
      4.21651445001233
     ],
     [
      73.5421731628302,
      4.21729337246763
     ],
     [
      73.5422958795852,
      4.21772459855454
     ],
     [
      73.5423668530318,
      4.21797365369245
     ],
     [
      73.5424186514051,
      4.21815579492292
     ],
     [
      73.5425562297193,
      4.21863878736768
     ],
     [
      73.5426524619026,
      4.21897677804509
     ],
     [
      73.542742582511,
      4.21929330058009
     ],
     [
      73.5428372808254,
      4.21962590094612
     ],
     [
      73.5429432158472,
      4.21999814832775
     ],
     [
      73.5430521013444,
      4.22038039659935
     ],
     [
      73.543300485574,
      4.2212536738984
     ],
     [
      73.5433379284759,
      4.22138428225207
     ],
     [
      73.5434975236418,
      4.22194481534355
     ],
     [
      73.5436361259783,
      4.22243161742445
     ]
    ]
   },
   "properties": {
    "FID": 197,
    "OBJECTID_1": 94,
    "Road_Names": "Hithigas Magu",
    "UPDEC": 1,
    "Phase": "P1",
    "Shape__Length": 680.4781252088119
   }
  },
  {
   "type": "Feature",
   "id": 198,
   "geometry": {
    "type": "LineString",
    "coordinates": [
     [
      73.541026289952,
      4.2232218678313
     ],
     [
      73.5410102543862,
      4.22306958990313
     ],
     [
      73.541006600648,
      4.22303489152562
     ],
     [
      73.5409993648595,
      4.22296617862464
     ],
     [
      73.5409946241922,
      4.22292116453671
     ],
     [
      73.5409773738851,
      4.22271221886198
     ],
     [
      73.540622726639,
      4.21844181126281
     ]
    ]
   },
   "properties": {
    "FID": 198,
    "OBJECTID_1": 223,
    "Road_Names": "Reethigas Magu",
    "UPDEC": 1,
    "Phase": "P1",
    "Shape__Length": 530.443193183844
   }
  },
  {
   "type": "Feature",
   "id": 199,
   "geometry": {
    "type": "LineString",
    "coordinates": [
     [
      73.5410830560712,
      4.22794309678536
     ],
     [
      73.5410725068789,
      4.22793715224043
     ],
     [
      73.5410588543309,
      4.22792592653863
     ],
     [
      73.5410473534773,
      4.2279124873288
     ],
     [
      73.5410383521731,
      4.22789724224225
     ],
     [
      73.5410321242993,
      4.2278806557474
     ],
     [
      73.5398951033791,
      4.2238067987762
     ],
     [
      73.539837193356,
      4.22359931310056
     ]
    ]
   },
   "properties": {
    "FID": 199,
    "OBJECTID_1": 31,
    "Road_Names": "Fithuroanu Magu",
    "UPDEC": 1,
    "Phase": "P2",
    "Shape__Length": 500.81089748457765
   }
  }
 ]
}